[2025-10-29 15:04:39,175: INFO: main]: Datascience package initialized.
[2025-10-29 16:05:29,305: ERROR: 2081104617]: name 'ConfigurationManager' is not defined
Traceback (most recent call last):
  File "C:\Users\amirhrst\AppData\Local\Temp\ipykernel_27020\2081104617.py", line 2, in <module>
    config = ConfigurationManager()
             ^^^^^^^^^^^^^^^^^^^^
NameError: name 'ConfigurationManager' is not defined
[2025-10-29 16:06:59,651: ERROR: 2081104617]: name 'read_yaml' is not defined
Traceback (most recent call last):
  File "C:\Users\amirhrst\AppData\Local\Temp\ipykernel_27020\2081104617.py", line 2, in <module>
    config = ConfigurationManager()
  File "C:\Users\amirhrst\AppData\Local\Temp\ipykernel_27020\1377879445.py", line 5, in __init__
    self.config = read_yaml(config_filepath)
                  ^^^^^^^^^
NameError: name 'read_yaml' is not defined
[2025-10-30 09:10:52,518: INFO: common]: YAML file: config\config.yaml loaded successfully
[2025-10-30 09:10:52,520: INFO: common]: YAML file: params.yaml loaded successfully
[2025-10-30 09:10:52,521: ERROR: common]: Error reading YAML file: params.yaml - First argument must be mapping or iterable
[2025-10-30 09:10:52,521: ERROR: 2081104617]: First argument must be mapping or iterable
Traceback (most recent call last):
  File "C:\Users\amirhrst\AppData\Local\Temp\ipykernel_13508\2081104617.py", line 2, in <module>
    config = ConfigurationManager()
  File "C:\Users\amirhrst\AppData\Local\Temp\ipykernel_13508\1377879445.py", line 6, in __init__
    self.params = read_yaml(params_filepath)
                  ~~~~~~~~~^^^^^^^^^^^^^^^^^
  File "d:\Projects\dsproject\.venv\Lib\site-packages\ensure\main.py", line 872, in __call__
    return_val = self.f(*args, **kwargs)
  File "d:\Projects\dsproject\src\datascience\utils\common.py", line 29, in read_yaml
    raise e
  File "d:\Projects\dsproject\src\datascience\utils\common.py", line 26, in read_yaml
    return ConfigBox(content)
  File "box\\box.py", line 295, in box.box.Box.__init__
box.exceptions.BoxValueError: First argument must be mapping or iterable
[2025-10-30 09:14:27,738: INFO: common]: YAML file: config\config.yaml loaded successfully
[2025-10-30 09:14:27,741: INFO: common]: YAML file: params.yaml loaded successfully
[2025-10-30 09:14:27,742: INFO: common]: YAML file: schema.yaml loaded successfully
[2025-10-30 09:14:27,743: ERROR: 2081104617]: "'ConfigBox' object has no attribute 'artifacts_root'"
Traceback (most recent call last):
  File "box\\box.py", line 594, in box.box.Box.__getitem__
KeyError: 'artifacts_root'

The above exception was the direct cause of the following exception:

Traceback (most recent call last):
  File "box\\box.py", line 633, in box.box.Box.__getattr__
  File "box\\box.py", line 621, in box.box.Box.__getitem__
box.exceptions.BoxKeyError: "'artifacts_root'"

During handling of the above exception, another exception occurred:

Traceback (most recent call last):
  File "box\\box.py", line 635, in box.box.Box.__getattr__
AttributeError: 'ConfigBox' object has no attribute 'artifacts_root'

The above exception was the direct cause of the following exception:

Traceback (most recent call last):
  File "box\\config_box.py", line 29, in box.config_box.ConfigBox.__getattr__
  File "box\\box.py", line 649, in box.box.Box.__getattr__
box.exceptions.BoxKeyError: "'ConfigBox' object has no attribute 'artifacts_root'"

During handling of the above exception, another exception occurred:

Traceback (most recent call last):
  File "box\\box.py", line 594, in box.box.Box.__getitem__
KeyError: 'artifacts_root'

The above exception was the direct cause of the following exception:

Traceback (most recent call last):
  File "box\\box.py", line 633, in box.box.Box.__getattr__
  File "box\\box.py", line 621, in box.box.Box.__getitem__
box.exceptions.BoxKeyError: "'artifacts_root'"

During handling of the above exception, another exception occurred:

Traceback (most recent call last):
  File "box\\box.py", line 635, in box.box.Box.__getattr__
AttributeError: 'ConfigBox' object has no attribute 'artifacts_root'

The above exception was the direct cause of the following exception:

Traceback (most recent call last):
  File "C:\Users\amirhrst\AppData\Local\Temp\ipykernel_13508\2081104617.py", line 2, in <module>
    config = ConfigurationManager()
  File "C:\Users\amirhrst\AppData\Local\Temp\ipykernel_13508\1377879445.py", line 9, in __init__
    create_directories([self.config.artifacts_root])
                        ^^^^^^^^^^^^^^^^^^^^^^^^^^
  File "box\\config_box.py", line 31, in box.config_box.ConfigBox.__getattr__
  File "box\\box.py", line 649, in box.box.Box.__getattr__
box.exceptions.BoxKeyError: "'ConfigBox' object has no attribute 'artifacts_root'"
[2025-10-30 09:16:19,635: INFO: common]: YAML file: config\config.yaml loaded successfully
[2025-10-30 09:16:19,637: INFO: common]: YAML file: params.yaml loaded successfully
[2025-10-30 09:16:19,638: INFO: common]: YAML file: schema.yaml loaded successfully
[2025-10-30 09:16:19,639: INFO: common]: Directory created at: artifacts
[2025-10-30 09:16:19,640: ERROR: 2081104617]: isinstance() arg 2 must be a type, a tuple of types, or a union
Traceback (most recent call last):
  File "C:\Users\amirhrst\AppData\Local\Temp\ipykernel_13508\2081104617.py", line 2, in <module>
    config = ConfigurationManager()
  File "C:\Users\amirhrst\AppData\Local\Temp\ipykernel_13508\1377879445.py", line 9, in __init__
    create_directories([self.config.artifacts_root])
    ~~~~~~~~~~~~~~~~~~^^^^^^^^^^^^^^^^^^^^^^^^^^^^^^
  File "d:\Projects\dsproject\.venv\Lib\site-packages\ensure\main.py", line 873, in __call__
    if not isinstance(return_val, self.return_templ):
           ~~~~~~~~~~^^^^^^^^^^^^^^^^^^^^^^^^^^^^^^^
TypeError: isinstance() arg 2 must be a type, a tuple of types, or a union
[2025-10-30 09:17:54,750: INFO: common]: YAML file: config\config.yaml loaded successfully
[2025-10-30 09:17:54,751: INFO: common]: YAML file: params.yaml loaded successfully
[2025-10-30 09:17:54,752: INFO: common]: YAML file: schema.yaml loaded successfully
[2025-10-30 09:17:54,753: INFO: common]: Directory created at: artifacts
[2025-10-30 09:17:54,753: ERROR: 2081104617]: isinstance() arg 2 must be a type, a tuple of types, or a union
Traceback (most recent call last):
  File "C:\Users\amirhrst\AppData\Local\Temp\ipykernel_13508\2081104617.py", line 2, in <module>
    config = ConfigurationManager()
  File "C:\Users\amirhrst\AppData\Local\Temp\ipykernel_13508\1377879445.py", line 9, in __init__
    create_directories([self.config.artifacts_root])
    ~~~~~~~~~~~~~~~~~~^^^^^^^^^^^^^^^^^^^^^^^^^^^^^^
  File "d:\Projects\dsproject\.venv\Lib\site-packages\ensure\main.py", line 873, in __call__
    if not isinstance(return_val, self.return_templ):
           ~~~~~~~~~~^^^^^^^^^^^^^^^^^^^^^^^^^^^^^^^
TypeError: isinstance() arg 2 must be a type, a tuple of types, or a union
[2025-10-30 09:20:49,645: INFO: common]: YAML file: config\config.yaml loaded successfully
[2025-10-30 09:20:49,646: INFO: common]: YAML file: params.yaml loaded successfully
[2025-10-30 09:20:49,647: INFO: common]: YAML file: schema.yaml loaded successfully
[2025-10-30 09:20:49,648: INFO: common]: Directory created at: artifacts
[2025-10-30 09:20:49,648: ERROR: 2081104617]: isinstance() arg 2 must be a type, a tuple of types, or a union
Traceback (most recent call last):
  File "C:\Users\amirhrst\AppData\Local\Temp\ipykernel_13508\2081104617.py", line 2, in <module>
    config = ConfigurationManager()
  File "C:\Users\amirhrst\AppData\Local\Temp\ipykernel_13508\1377879445.py", line 9, in __init__
    create_directories([self.config.artifacts_root])
    ~~~~~~~~~~~~~~~~~~^^^^^^^^^^^^^^^^^^^^^^^^^^^^^^
  File "d:\Projects\dsproject\.venv\Lib\site-packages\ensure\main.py", line 873, in __call__
    if not isinstance(return_val, self.return_templ):
           ~~~~~~~~~~^^^^^^^^^^^^^^^^^^^^^^^^^^^^^^^
TypeError: isinstance() arg 2 must be a type, a tuple of types, or a union
[2025-10-30 09:21:04,010: INFO: common]: YAML file: config\config.yaml loaded successfully
[2025-10-30 09:21:04,011: INFO: common]: YAML file: params.yaml loaded successfully
[2025-10-30 09:21:04,012: INFO: common]: YAML file: schema.yaml loaded successfully
[2025-10-30 09:21:04,012: INFO: common]: Directory created at: artifacts
[2025-10-30 09:21:04,013: ERROR: 2081104617]: isinstance() arg 2 must be a type, a tuple of types, or a union
Traceback (most recent call last):
  File "C:\Users\amirhrst\AppData\Local\Temp\ipykernel_13508\2081104617.py", line 2, in <module>
    config = ConfigurationManager()
  File "C:\Users\amirhrst\AppData\Local\Temp\ipykernel_13508\1377879445.py", line 9, in __init__
    create_directories([self.config.artifacts_root])
    ~~~~~~~~~~~~~~~~~~^^^^^^^^^^^^^^^^^^^^^^^^^^^^^^
  File "d:\Projects\dsproject\.venv\Lib\site-packages\ensure\main.py", line 873, in __call__
    if not isinstance(return_val, self.return_templ):
           ~~~~~~~~~~^^^^^^^^^^^^^^^^^^^^^^^^^^^^^^^
TypeError: isinstance() arg 2 must be a type, a tuple of types, or a union
[2025-10-30 09:25:49,901: INFO: common]: YAML file: config\config.yaml loaded successfully
[2025-10-30 09:25:49,902: INFO: common]: YAML file: params.yaml loaded successfully
[2025-10-30 09:25:49,903: INFO: common]: YAML file: schema.yaml loaded successfully
[2025-10-30 09:25:49,903: INFO: common]: Directory created at: artifacts
[2025-10-30 09:25:49,904: ERROR: 2081104617]: isinstance() arg 2 must be a type, a tuple of types, or a union
Traceback (most recent call last):
  File "C:\Users\amirhrst\AppData\Local\Temp\ipykernel_13508\2081104617.py", line 2, in <module>
    config = ConfigurationManager()
  File "C:\Users\amirhrst\AppData\Local\Temp\ipykernel_13508\1377879445.py", line 9, in __init__
    create_directories([self.config.artifacts_root])
    ~~~~~~~~~~~~~~~~~~^^^^^^^^^^^^^^^^^^^^^^^^^^^^^^
  File "d:\Projects\dsproject\.venv\Lib\site-packages\ensure\main.py", line 873, in __call__
    if not isinstance(return_val, self.return_templ):
           ~~~~~~~~~~^^^^^^^^^^^^^^^^^^^^^^^^^^^^^^^
TypeError: isinstance() arg 2 must be a type, a tuple of types, or a union
[2025-10-30 09:26:16,765: INFO: common]: YAML file: config\config.yaml loaded successfully
[2025-10-30 09:26:16,766: INFO: common]: YAML file: params.yaml loaded successfully
[2025-10-30 09:26:16,767: INFO: common]: YAML file: schema.yaml loaded successfully
[2025-10-30 09:26:16,768: INFO: common]: created directory at: artifacts
[2025-10-30 09:26:16,768: INFO: common]: created directory at: artifacts/data_ingestion
[2025-10-30 09:26:17,414: INFO: 1026146470]: Downloading data from https://github.com/krishnaik06/datasets/raw/refs/heads/main/winequality-data.zip to artifacts/data_ingestion/data.zip
[2025-10-30 09:26:17,415: INFO: 1026146470]: Download completed.
[2025-10-30 09:26:17,430: INFO: 1026146470]: Extracted zip file artifacts/data_ingestion/data.zip to artifacts/data_ingestion
[2025-10-30 09:47:44,494: INFO: main]: Datascience package initialized.
[2025-10-30 09:49:23,398: INFO: main]: Datascience package initialized.
[2025-10-30 09:49:40,631: INFO: main]: Datascience package initialized.
[2025-10-30 09:50:27,021: INFO: main]: Datascience package initialized.
[2025-10-30 09:51:08,302: INFO: main]: Datascience package initialized.
[2025-10-30 09:51:29,115: INFO: main]: Datascience package initialized.
[2025-10-30 09:51:48,603: INFO: main]: Datascience package initialized.
[2025-10-30 09:51:49,619: INFO: main]: >>>>>> Stage Data Ingestion Stage started <<<<<<
[2025-10-30 09:51:49,621: INFO: common]: YAML file: config\config.yaml loaded successfully
[2025-10-30 09:51:49,622: INFO: common]: YAML file: params.yaml loaded successfully
[2025-10-30 09:51:49,623: INFO: common]: YAML file: schema.yaml loaded successfully
[2025-10-30 09:51:49,624: INFO: common]: created directory at: artifacts
[2025-10-30 09:51:49,624: INFO: common]: created directory at: artifacts/data_ingestion
[2025-10-30 09:51:49,634: INFO: data_ingestion]: Extracted zip file artifacts/data_ingestion/data.zip to artifacts/data_ingestion
[2025-10-30 09:51:49,634: INFO: main]: >>>>>> Stage Data Ingestion Stage completed <<<<<<


[2025-10-30 10:22:48,020: INFO: common]: YAML file: config\config.yaml loaded successfully
[2025-10-30 10:22:48,022: INFO: common]: YAML file: params.yaml loaded successfully
[2025-10-30 10:22:48,024: INFO: common]: YAML file: schema.yaml loaded successfully
[2025-10-30 10:22:48,025: INFO: common]: created directory at: artifacts
[2025-10-30 10:22:48,026: INFO: common]: created directory at: artifacts/data_validation
[2025-10-30 10:51:56,792: INFO: main]: Datascience package initialized.
[2025-10-30 10:52:03,882: INFO: main]: Datascience package initialized.
[2025-10-30 10:53:57,909: INFO: main]: Datascience package initialized.
[2025-10-30 10:53:58,396: INFO: main]: >>>>>> Stage Data Ingestion Stage started <<<<<<
[2025-10-30 10:53:58,398: INFO: common]: YAML file: config\config.yaml loaded successfully
[2025-10-30 10:53:58,399: INFO: common]: YAML file: params.yaml loaded successfully
[2025-10-30 10:53:58,400: INFO: common]: YAML file: schema.yaml loaded successfully
[2025-10-30 10:53:58,400: INFO: common]: created directory at: artifacts
[2025-10-30 10:53:58,400: INFO: common]: created directory at: artifacts/data_ingestion
[2025-10-30 10:53:58,402: INFO: data_ingestion]: Extracted zip file artifacts/data_ingestion/data.zip to artifacts/data_ingestion
[2025-10-30 10:53:58,402: INFO: main]: >>>>>> Stage Data Ingestion Stage completed <<<<<<


[2025-10-30 10:53:58,403: INFO: main]: >>>>>> Stage Data Validation Stage started <<<<<<
[2025-10-30 10:53:58,404: INFO: common]: YAML file: config\config.yaml loaded successfully
[2025-10-30 10:53:58,404: INFO: common]: YAML file: params.yaml loaded successfully
[2025-10-30 10:53:58,405: INFO: common]: YAML file: schema.yaml loaded successfully
[2025-10-30 10:53:58,406: INFO: common]: created directory at: artifacts
[2025-10-30 10:53:58,406: ERROR: main]: 'ConfigurationManager' object has no attribute 'get_data_validation_config'
Traceback (most recent call last):
  File "D:\Projects\dsproject\main.py", line 24, in <module>
    data_validation.main()
    ~~~~~~~~~~~~~~~~~~~~^^
  File "D:\Projects\dsproject\src\datascience\pipeline\data_validation_pipline.py", line 13, in main
    data_validation_config = config.get_data_validation_config()
                             ^^^^^^^^^^^^^^^^^^^^^^^^^^^^^^^^^
AttributeError: 'ConfigurationManager' object has no attribute 'get_data_validation_config'. Did you mean: 'get_data_ingestion_config'?
[2025-10-30 10:56:28,602: INFO: main]: Datascience package initialized.
[2025-10-30 10:56:29,053: INFO: main]: >>>>>> Stage Data Ingestion Stage started <<<<<<
[2025-10-30 10:56:29,054: INFO: common]: YAML file: config\config.yaml loaded successfully
[2025-10-30 10:56:29,055: INFO: common]: YAML file: params.yaml loaded successfully
[2025-10-30 10:56:29,056: INFO: common]: YAML file: schema.yaml loaded successfully
[2025-10-30 10:56:29,056: INFO: common]: created directory at: artifacts
[2025-10-30 10:56:29,057: INFO: common]: created directory at: artifacts/data_ingestion
[2025-10-30 10:56:29,058: INFO: data_ingestion]: Extracted zip file artifacts/data_ingestion/data.zip to artifacts/data_ingestion
[2025-10-30 10:56:29,059: INFO: main]: >>>>>> Stage Data Ingestion Stage completed <<<<<<


[2025-10-30 10:56:29,059: INFO: main]: >>>>>> Stage Data Validation Stage started <<<<<<
[2025-10-30 10:56:29,060: INFO: common]: YAML file: config\config.yaml loaded successfully
[2025-10-30 10:56:29,061: INFO: common]: YAML file: params.yaml loaded successfully
[2025-10-30 10:56:29,062: INFO: common]: YAML file: schema.yaml loaded successfully
[2025-10-30 10:56:29,062: INFO: common]: created directory at: artifacts
[2025-10-30 10:56:29,062: INFO: common]: created directory at: artifacts/data_validation
[2025-10-30 10:56:29,080: INFO: data_validation_pipline]: Data validation status: False
[2025-10-30 10:56:29,080: INFO: main]: >>>>>> Stage Data Validation Stage completed <<<<<<


[2025-10-30 11:32:45,239: INFO: main]: Datascience package initialized.
[2025-10-30 11:33:21,896: INFO: main]: Datascience package initialized.
[2025-10-30 11:33:22,972: INFO: main]: >>>>>> Stage Data Ingestion Stage started <<<<<<
[2025-10-30 11:33:22,973: INFO: common]: YAML file: config\config.yaml loaded successfully
[2025-10-30 11:33:22,974: INFO: common]: YAML file: params.yaml loaded successfully
[2025-10-30 11:33:22,975: INFO: common]: YAML file: schema.yaml loaded successfully
[2025-10-30 11:33:22,975: INFO: common]: created directory at: artifacts
[2025-10-30 11:33:22,975: INFO: common]: created directory at: artifacts/data_ingestion
[2025-10-30 11:33:22,977: INFO: data_ingestion]: Extracted zip file artifacts/data_ingestion/data.zip to artifacts/data_ingestion
[2025-10-30 11:33:22,977: INFO: main]: >>>>>> Stage Data Ingestion Stage completed <<<<<<


[2025-10-30 11:33:22,978: INFO: main]: >>>>>> Stage Data Validation Stage started <<<<<<
[2025-10-30 11:33:22,979: INFO: common]: YAML file: config\config.yaml loaded successfully
[2025-10-30 11:33:22,980: INFO: common]: YAML file: params.yaml loaded successfully
[2025-10-30 11:33:22,981: INFO: common]: YAML file: schema.yaml loaded successfully
[2025-10-30 11:33:22,981: INFO: common]: created directory at: artifacts
[2025-10-30 11:33:22,981: INFO: common]: created directory at: artifacts/data_validation
[2025-10-30 11:33:22,998: INFO: data_validation_pipline]: Data validation status: False
[2025-10-30 11:33:22,998: INFO: main]: >>>>>> Stage Data Validation Stage completed <<<<<<


[2025-10-30 11:33:22,999: INFO: main]: >>>>>> Stage Data Transformation Stage started <<<<<<
[2025-10-30 11:33:23,006: ERROR: data_transformation_pipline]: Your Data scheme is not valid
Traceback (most recent call last):
  File "D:\Projects\dsproject\src\datascience\pipeline\data_transformation_pipline.py", line 30, in initiate_data_transformation
    raise Exception("Your Data scheme is not valid")
Exception: Your Data scheme is not valid
[2025-10-30 11:33:23,007: ERROR: main]: Your Data scheme is not valid
Traceback (most recent call last):
  File "D:\Projects\dsproject\main.py", line 34, in <module>
    data_transformation.initiate_data_transformation()
    ~~~~~~~~~~~~~~~~~~~~~~~~~~~~~~~~~~~~~~~~~~~~~~~~^^
  File "D:\Projects\dsproject\src\datascience\pipeline\data_transformation_pipline.py", line 33, in initiate_data_transformation
    raise e
  File "D:\Projects\dsproject\src\datascience\pipeline\data_transformation_pipline.py", line 30, in initiate_data_transformation
    raise Exception("Your Data scheme is not valid")
Exception: Your Data scheme is not valid
[2025-10-30 11:34:09,431: INFO: main]: Datascience package initialized.
[2025-10-30 11:34:10,442: INFO: main]: >>>>>> Stage Data Ingestion Stage started <<<<<<
[2025-10-30 11:34:10,444: INFO: common]: YAML file: config\config.yaml loaded successfully
[2025-10-30 11:34:10,444: INFO: common]: YAML file: params.yaml loaded successfully
[2025-10-30 11:34:10,445: INFO: common]: YAML file: schema.yaml loaded successfully
[2025-10-30 11:34:10,446: INFO: common]: created directory at: artifacts
[2025-10-30 11:34:10,446: INFO: common]: created directory at: artifacts/data_ingestion
[2025-10-30 11:34:10,448: INFO: data_ingestion]: Extracted zip file artifacts/data_ingestion/data.zip to artifacts/data_ingestion
[2025-10-30 11:34:10,448: INFO: main]: >>>>>> Stage Data Ingestion Stage completed <<<<<<


[2025-10-30 11:34:10,448: INFO: main]: >>>>>> Stage Data Validation Stage started <<<<<<
[2025-10-30 11:34:10,449: INFO: common]: YAML file: config\config.yaml loaded successfully
[2025-10-30 11:34:10,450: INFO: common]: YAML file: params.yaml loaded successfully
[2025-10-30 11:34:10,451: INFO: common]: YAML file: schema.yaml loaded successfully
[2025-10-30 11:34:10,451: INFO: common]: created directory at: artifacts
[2025-10-30 11:34:10,451: INFO: common]: created directory at: artifacts/data_validation
[2025-10-30 11:34:10,466: INFO: data_validation_pipline]: Data validation status: False
[2025-10-30 11:34:10,467: INFO: main]: >>>>>> Stage Data Validation Stage completed <<<<<<


[2025-10-30 11:34:10,467: INFO: main]: >>>>>> Stage Data Transformation Stage started <<<<<<
[2025-10-30 11:34:10,468: ERROR: data_transformation_pipline]: Your Data scheme is not valid
Traceback (most recent call last):
  File "D:\Projects\dsproject\src\datascience\pipeline\data_transformation_pipline.py", line 30, in initiate_data_transformation
    raise Exception("Your Data scheme is not valid")
Exception: Your Data scheme is not valid
[2025-10-30 11:34:10,469: ERROR: main]: Your Data scheme is not valid
Traceback (most recent call last):
  File "D:\Projects\dsproject\main.py", line 34, in <module>
    data_transformation.initiate_data_transformation()
    ~~~~~~~~~~~~~~~~~~~~~~~~~~~~~~~~~~~~~~~~~~~~~~~~^^
  File "D:\Projects\dsproject\src\datascience\pipeline\data_transformation_pipline.py", line 33, in initiate_data_transformation
    raise e
  File "D:\Projects\dsproject\src\datascience\pipeline\data_transformation_pipline.py", line 30, in initiate_data_transformation
    raise Exception("Your Data scheme is not valid")
Exception: Your Data scheme is not valid
[2025-10-30 11:34:28,912: INFO: main]: Datascience package initialized.
[2025-10-30 11:34:29,923: INFO: main]: >>>>>> Stage Data Ingestion Stage started <<<<<<
[2025-10-30 11:34:29,925: INFO: common]: YAML file: config\config.yaml loaded successfully
[2025-10-30 11:34:29,925: INFO: common]: YAML file: params.yaml loaded successfully
[2025-10-30 11:34:29,926: INFO: common]: YAML file: schema.yaml loaded successfully
[2025-10-30 11:34:29,927: INFO: common]: created directory at: artifacts
[2025-10-30 11:34:29,927: INFO: common]: created directory at: artifacts/data_ingestion
[2025-10-30 11:34:29,928: INFO: data_ingestion]: Extracted zip file artifacts/data_ingestion/data.zip to artifacts/data_ingestion
[2025-10-30 11:34:29,929: INFO: main]: >>>>>> Stage Data Ingestion Stage completed <<<<<<


[2025-10-30 11:34:29,929: INFO: main]: >>>>>> Stage Data Validation Stage started <<<<<<
[2025-10-30 11:34:29,930: INFO: common]: YAML file: config\config.yaml loaded successfully
[2025-10-30 11:34:29,930: INFO: common]: YAML file: params.yaml loaded successfully
[2025-10-30 11:34:29,931: INFO: common]: YAML file: schema.yaml loaded successfully
[2025-10-30 11:34:29,932: INFO: common]: created directory at: artifacts
[2025-10-30 11:34:29,932: INFO: common]: created directory at: artifacts/data_validation
[2025-10-30 11:34:29,948: INFO: data_validation_pipline]: Data validation status: False
[2025-10-30 11:34:29,948: INFO: main]: >>>>>> Stage Data Validation Stage completed <<<<<<


[2025-10-30 11:34:29,948: INFO: main]: >>>>>> Stage Data Transformation Stage started <<<<<<
[2025-10-30 11:34:29,949: ERROR: data_transformation_pipline]: Your Data scheme is not valid
Traceback (most recent call last):
  File "D:\Projects\dsproject\src\datascience\pipeline\data_transformation_pipline.py", line 30, in initiate_data_transformation
    raise Exception("Your Data scheme is not valid")
Exception: Your Data scheme is not valid
[2025-10-30 11:34:29,950: ERROR: main]: Your Data scheme is not valid
Traceback (most recent call last):
  File "D:\Projects\dsproject\main.py", line 34, in <module>
    data_transformation.initiate_data_transformation()
    ~~~~~~~~~~~~~~~~~~~~~~~~~~~~~~~~~~~~~~~~~~~~~~~~^^
  File "D:\Projects\dsproject\src\datascience\pipeline\data_transformation_pipline.py", line 33, in initiate_data_transformation
    raise e
  File "D:\Projects\dsproject\src\datascience\pipeline\data_transformation_pipline.py", line 30, in initiate_data_transformation
    raise Exception("Your Data scheme is not valid")
Exception: Your Data scheme is not valid
[2025-10-30 11:37:14,843: INFO: main]: Datascience package initialized.
[2025-10-30 11:37:15,921: INFO: main]: >>>>>> Stage Data Ingestion Stage started <<<<<<
[2025-10-30 11:37:15,923: INFO: common]: YAML file: config\config.yaml loaded successfully
[2025-10-30 11:37:15,924: INFO: common]: YAML file: params.yaml loaded successfully
[2025-10-30 11:37:15,925: INFO: common]: YAML file: schema.yaml loaded successfully
[2025-10-30 11:37:15,926: INFO: common]: created directory at: artifacts
[2025-10-30 11:37:15,926: INFO: common]: created directory at: artifacts/data_ingestion
[2025-10-30 11:37:15,928: INFO: data_ingestion]: Extracted zip file artifacts/data_ingestion/data.zip to artifacts/data_ingestion
[2025-10-30 11:37:15,928: INFO: main]: >>>>>> Stage Data Ingestion Stage completed <<<<<<


[2025-10-30 11:37:15,928: INFO: main]: >>>>>> Stage Data Validation Stage started <<<<<<
[2025-10-30 11:37:15,929: INFO: common]: YAML file: config\config.yaml loaded successfully
[2025-10-30 11:37:15,930: INFO: common]: YAML file: params.yaml loaded successfully
[2025-10-30 11:37:15,931: INFO: common]: YAML file: schema.yaml loaded successfully
[2025-10-30 11:37:15,931: INFO: common]: created directory at: artifacts
[2025-10-30 11:37:15,931: INFO: common]: created directory at: artifacts/data_validation
[2025-10-30 11:37:15,946: INFO: data_validation_pipline]: Data validation status: False
[2025-10-30 11:37:15,946: INFO: main]: >>>>>> Stage Data Validation Stage completed <<<<<<


[2025-10-30 11:37:15,947: INFO: main]: >>>>>> Stage Data Transformation Stage started <<<<<<
[2025-10-30 11:37:15,948: ERROR: data_transformation_pipline]: Your Data scheme is not valid
Traceback (most recent call last):
  File "D:\Projects\dsproject\src\datascience\pipeline\data_transformation_pipline.py", line 30, in initiate_data_transformation
    raise Exception("Your Data scheme is not valid")
Exception: Your Data scheme is not valid
[2025-10-30 11:37:15,948: ERROR: main]: Your Data scheme is not valid
Traceback (most recent call last):
  File "D:\Projects\dsproject\main.py", line 34, in <module>
    data_transformation.initiate_data_transformation()
    ~~~~~~~~~~~~~~~~~~~~~~~~~~~~~~~~~~~~~~~~~~~~~~~~^^
  File "D:\Projects\dsproject\src\datascience\pipeline\data_transformation_pipline.py", line 33, in initiate_data_transformation
    raise e
  File "D:\Projects\dsproject\src\datascience\pipeline\data_transformation_pipline.py", line 30, in initiate_data_transformation
    raise Exception("Your Data scheme is not valid")
Exception: Your Data scheme is not valid
[2025-10-30 11:40:58,502: INFO: main]: Datascience package initialized.
[2025-10-30 11:40:59,553: INFO: main]: >>>>>> Stage Data Ingestion Stage started <<<<<<
[2025-10-30 11:40:59,555: INFO: common]: YAML file: config\config.yaml loaded successfully
[2025-10-30 11:40:59,556: INFO: common]: YAML file: params.yaml loaded successfully
[2025-10-30 11:40:59,557: INFO: common]: YAML file: schema.yaml loaded successfully
[2025-10-30 11:40:59,558: INFO: common]: created directory at: artifacts
[2025-10-30 11:40:59,558: INFO: common]: created directory at: artifacts/data_ingestion
[2025-10-30 11:40:59,560: INFO: data_ingestion]: Extracted zip file artifacts/data_ingestion/data.zip to artifacts/data_ingestion
[2025-10-30 11:40:59,560: INFO: main]: >>>>>> Stage Data Ingestion Stage completed <<<<<<


[2025-10-30 11:40:59,560: INFO: main]: >>>>>> Stage Data Validation Stage started <<<<<<
[2025-10-30 11:40:59,562: INFO: common]: YAML file: config\config.yaml loaded successfully
[2025-10-30 11:40:59,562: INFO: common]: YAML file: params.yaml loaded successfully
[2025-10-30 11:40:59,563: INFO: common]: YAML file: schema.yaml loaded successfully
[2025-10-30 11:40:59,563: INFO: common]: created directory at: artifacts
[2025-10-30 11:40:59,563: INFO: common]: created directory at: artifacts/data_validation
[2025-10-30 11:40:59,580: INFO: data_validation_pipline]: Data validation status: False
[2025-10-30 11:40:59,580: INFO: main]: >>>>>> Stage Data Validation Stage completed <<<<<<


[2025-10-30 11:40:59,580: INFO: main]: >>>>>> Stage Data Transformation Stage started <<<<<<
[2025-10-30 11:40:59,581: ERROR: data_transformation_pipline]: Your Data scheme is not valid
Traceback (most recent call last):
  File "D:\Projects\dsproject\src\datascience\pipeline\data_transformation_pipline.py", line 30, in initiate_data_transformation
    raise Exception("Your Data scheme is not valid")
Exception: Your Data scheme is not valid
[2025-10-30 11:40:59,582: ERROR: main]: Your Data scheme is not valid
Traceback (most recent call last):
  File "D:\Projects\dsproject\main.py", line 34, in <module>
    data_transformation.initiate_data_transformation()
    ~~~~~~~~~~~~~~~~~~~~~~~~~~~~~~~~~~~~~~~~~~~~~~~~^^
  File "D:\Projects\dsproject\src\datascience\pipeline\data_transformation_pipline.py", line 33, in initiate_data_transformation
    raise e
  File "D:\Projects\dsproject\src\datascience\pipeline\data_transformation_pipline.py", line 30, in initiate_data_transformation
    raise Exception("Your Data scheme is not valid")
Exception: Your Data scheme is not valid
[2025-10-30 11:45:14,932: INFO: main]: Datascience package initialized.
[2025-10-30 11:45:15,918: INFO: main]: >>>>>> Stage Data Ingestion Stage started <<<<<<
[2025-10-30 11:45:15,920: INFO: common]: YAML file: config\config.yaml loaded successfully
[2025-10-30 11:45:15,920: INFO: common]: YAML file: params.yaml loaded successfully
[2025-10-30 11:45:15,921: INFO: common]: YAML file: schema.yaml loaded successfully
[2025-10-30 11:45:15,922: INFO: common]: created directory at: artifacts
[2025-10-30 11:45:15,922: INFO: common]: created directory at: artifacts/data_ingestion
[2025-10-30 11:45:15,924: INFO: data_ingestion]: Extracted zip file artifacts/data_ingestion/data.zip to artifacts/data_ingestion
[2025-10-30 11:45:15,924: INFO: main]: >>>>>> Stage Data Ingestion Stage completed <<<<<<


[2025-10-30 11:45:15,924: INFO: main]: >>>>>> Stage Data Validation Stage started <<<<<<
[2025-10-30 11:45:15,925: INFO: common]: YAML file: config\config.yaml loaded successfully
[2025-10-30 11:45:15,926: INFO: common]: YAML file: params.yaml loaded successfully
[2025-10-30 11:45:15,927: INFO: common]: YAML file: schema.yaml loaded successfully
[2025-10-30 11:45:15,927: INFO: common]: created directory at: artifacts
[2025-10-30 11:45:15,927: INFO: common]: created directory at: artifacts/data_validation
[2025-10-30 11:45:15,943: INFO: data_validation_pipline]: Data validation status: False
[2025-10-30 11:45:15,943: INFO: main]: >>>>>> Stage Data Validation Stage completed <<<<<<


[2025-10-30 11:45:15,943: INFO: main]: >>>>>> Stage Data Transformation Stage started <<<<<<
[2025-10-30 11:45:15,944: ERROR: data_transformation_pipline]: Your Data scheme is not valid
Traceback (most recent call last):
  File "D:\Projects\dsproject\src\datascience\pipeline\data_transformation_pipline.py", line 30, in initiate_data_transformation
    raise Exception("Your Data scheme is not valid")
Exception: Your Data scheme is not valid
[2025-10-30 11:45:15,945: ERROR: main]: Your Data scheme is not valid
Traceback (most recent call last):
  File "D:\Projects\dsproject\main.py", line 34, in <module>
    data_transformation.initiate_data_transformation()
    ~~~~~~~~~~~~~~~~~~~~~~~~~~~~~~~~~~~~~~~~~~~~~~~~^^
  File "D:\Projects\dsproject\src\datascience\pipeline\data_transformation_pipline.py", line 33, in initiate_data_transformation
    raise e
  File "D:\Projects\dsproject\src\datascience\pipeline\data_transformation_pipline.py", line 30, in initiate_data_transformation
    raise Exception("Your Data scheme is not valid")
Exception: Your Data scheme is not valid
[2025-10-30 11:46:18,578: INFO: main]: Datascience package initialized.
[2025-10-30 11:46:19,555: INFO: main]: >>>>>> Stage Data Ingestion Stage started <<<<<<
[2025-10-30 11:46:19,557: INFO: common]: YAML file: config\config.yaml loaded successfully
[2025-10-30 11:46:19,557: INFO: common]: YAML file: params.yaml loaded successfully
[2025-10-30 11:46:19,558: INFO: common]: YAML file: schema.yaml loaded successfully
[2025-10-30 11:46:19,559: INFO: common]: created directory at: artifacts
[2025-10-30 11:46:19,559: INFO: common]: created directory at: artifacts/data_ingestion
[2025-10-30 11:46:19,561: INFO: data_ingestion]: Extracted zip file artifacts/data_ingestion/data.zip to artifacts/data_ingestion
[2025-10-30 11:46:19,561: INFO: main]: >>>>>> Stage Data Ingestion Stage completed <<<<<<


[2025-10-30 11:46:19,561: INFO: main]: >>>>>> Stage Data Validation Stage started <<<<<<
[2025-10-30 11:46:19,563: INFO: common]: YAML file: config\config.yaml loaded successfully
[2025-10-30 11:46:19,563: INFO: common]: YAML file: params.yaml loaded successfully
[2025-10-30 11:46:19,564: INFO: common]: YAML file: schema.yaml loaded successfully
[2025-10-30 11:46:19,564: INFO: common]: created directory at: artifacts
[2025-10-30 11:46:19,565: INFO: common]: created directory at: artifacts/data_validation
[2025-10-30 11:46:19,579: INFO: data_validation_pipline]: Data validation status: False
[2025-10-30 11:46:19,580: INFO: main]: >>>>>> Stage Data Validation Stage completed <<<<<<


[2025-10-30 11:46:19,580: INFO: main]: >>>>>> Stage Data Transformation Stage started <<<<<<
[2025-10-30 11:46:19,581: ERROR: data_transformation_pipline]: Your Data scheme is not valid
Traceback (most recent call last):
  File "D:\Projects\dsproject\src\datascience\pipeline\data_transformation_pipline.py", line 30, in initiate_data_transformation
    raise Exception("Your Data scheme is not valid")
Exception: Your Data scheme is not valid
[2025-10-30 11:46:19,582: ERROR: main]: Your Data scheme is not valid
Traceback (most recent call last):
  File "D:\Projects\dsproject\main.py", line 34, in <module>
    data_transformation.initiate_data_transformation()
    ~~~~~~~~~~~~~~~~~~~~~~~~~~~~~~~~~~~~~~~~~~~~~~~~^^
  File "D:\Projects\dsproject\src\datascience\pipeline\data_transformation_pipline.py", line 33, in initiate_data_transformation
    raise e
  File "D:\Projects\dsproject\src\datascience\pipeline\data_transformation_pipline.py", line 30, in initiate_data_transformation
    raise Exception("Your Data scheme is not valid")
Exception: Your Data scheme is not valid
[2025-10-30 11:47:23,230: INFO: main]: Datascience package initialized.
[2025-10-30 11:47:24,212: INFO: main]: >>>>>> Stage Data Ingestion Stage started <<<<<<
[2025-10-30 11:47:24,213: INFO: common]: YAML file: config\config.yaml loaded successfully
[2025-10-30 11:47:24,214: INFO: common]: YAML file: params.yaml loaded successfully
[2025-10-30 11:47:24,215: INFO: common]: YAML file: schema.yaml loaded successfully
[2025-10-30 11:47:24,215: INFO: common]: created directory at: artifacts
[2025-10-30 11:47:24,215: INFO: common]: created directory at: artifacts/data_ingestion
[2025-10-30 11:47:24,217: INFO: data_ingestion]: Extracted zip file artifacts/data_ingestion/data.zip to artifacts/data_ingestion
[2025-10-30 11:47:24,217: INFO: main]: >>>>>> Stage Data Ingestion Stage completed <<<<<<


[2025-10-30 11:47:24,218: INFO: main]: >>>>>> Stage Data Validation Stage started <<<<<<
[2025-10-30 11:47:24,219: INFO: common]: YAML file: config\config.yaml loaded successfully
[2025-10-30 11:47:24,219: INFO: common]: YAML file: params.yaml loaded successfully
[2025-10-30 11:47:24,220: INFO: common]: YAML file: schema.yaml loaded successfully
[2025-10-30 11:47:24,221: INFO: common]: created directory at: artifacts
[2025-10-30 11:47:24,221: INFO: common]: created directory at: artifacts/data_validation
[2025-10-30 11:47:24,237: INFO: data_validation_pipline]: Data validation status: False
[2025-10-30 11:47:24,237: INFO: main]: >>>>>> Stage Data Validation Stage completed <<<<<<


[2025-10-30 11:47:24,237: INFO: main]: >>>>>> Stage Data Transformation Stage started <<<<<<
[2025-10-30 11:47:24,238: ERROR: data_transformation_pipline]: Your Data scheme is not valid
Traceback (most recent call last):
  File "D:\Projects\dsproject\src\datascience\pipeline\data_transformation_pipline.py", line 30, in initiate_data_transformation
    raise Exception("Your Data scheme is not valid")
Exception: Your Data scheme is not valid
[2025-10-30 11:47:24,239: ERROR: main]: Your Data scheme is not valid
Traceback (most recent call last):
  File "D:\Projects\dsproject\main.py", line 34, in <module>
    data_transformation.initiate_data_transformation()
    ~~~~~~~~~~~~~~~~~~~~~~~~~~~~~~~~~~~~~~~~~~~~~~~~^^
  File "D:\Projects\dsproject\src\datascience\pipeline\data_transformation_pipline.py", line 33, in initiate_data_transformation
    raise e
  File "D:\Projects\dsproject\src\datascience\pipeline\data_transformation_pipline.py", line 30, in initiate_data_transformation
    raise Exception("Your Data scheme is not valid")
Exception: Your Data scheme is not valid
[2025-10-30 11:53:48,929: INFO: main]: Datascience package initialized.
[2025-10-30 11:53:49,956: INFO: main]: >>>>>> Stage Data Ingestion Stage started <<<<<<
[2025-10-30 11:53:49,958: INFO: common]: YAML file: config\config.yaml loaded successfully
[2025-10-30 11:53:49,958: INFO: common]: YAML file: params.yaml loaded successfully
[2025-10-30 11:53:49,959: INFO: common]: YAML file: schema.yaml loaded successfully
[2025-10-30 11:53:49,959: INFO: common]: created directory at: artifacts
[2025-10-30 11:53:49,960: INFO: common]: created directory at: artifacts/data_ingestion
[2025-10-30 11:53:49,961: INFO: data_ingestion]: Extracted zip file artifacts/data_ingestion/data.zip to artifacts/data_ingestion
[2025-10-30 11:53:49,962: INFO: main]: >>>>>> Stage Data Ingestion Stage completed <<<<<<


[2025-10-30 11:53:49,962: INFO: main]: >>>>>> Stage Data Validation Stage started <<<<<<
[2025-10-30 11:53:49,963: INFO: common]: YAML file: config\config.yaml loaded successfully
[2025-10-30 11:53:49,963: INFO: common]: YAML file: params.yaml loaded successfully
[2025-10-30 11:53:49,964: INFO: common]: YAML file: schema.yaml loaded successfully
[2025-10-30 11:53:49,965: INFO: common]: created directory at: artifacts
[2025-10-30 11:53:49,965: INFO: common]: created directory at: artifacts/data_validation
[2025-10-30 11:53:49,981: INFO: data_validation_pipline]: Data validation status: False
[2025-10-30 11:53:49,981: INFO: main]: >>>>>> Stage Data Validation Stage completed <<<<<<


[2025-10-30 11:53:49,981: INFO: main]: >>>>>> Stage Data Transformation Stage started <<<<<<
[2025-10-30 11:53:49,982: ERROR: data_transformation_pipline]: Your Data scheme is not valid
Traceback (most recent call last):
  File "D:\Projects\dsproject\src\datascience\pipeline\data_transformation_pipline.py", line 30, in initiate_data_transformation
    raise Exception("Your Data scheme is not valid")
Exception: Your Data scheme is not valid
[2025-10-30 11:53:49,983: ERROR: main]: Your Data scheme is not valid
Traceback (most recent call last):
  File "D:\Projects\dsproject\main.py", line 34, in <module>
    data_transformation.initiate_data_transformation()
    ~~~~~~~~~~~~~~~~~~~~~~~~~~~~~~~~~~~~~~~~~~~~~~~~^^
  File "D:\Projects\dsproject\src\datascience\pipeline\data_transformation_pipline.py", line 33, in initiate_data_transformation
    raise e
  File "D:\Projects\dsproject\src\datascience\pipeline\data_transformation_pipline.py", line 30, in initiate_data_transformation
    raise Exception("Your Data scheme is not valid")
Exception: Your Data scheme is not valid
[2025-10-30 11:54:22,307: INFO: main]: Datascience package initialized.
[2025-10-30 11:54:23,325: INFO: main]: >>>>>> Stage Data Ingestion Stage started <<<<<<
[2025-10-30 11:54:23,327: INFO: common]: YAML file: config\config.yaml loaded successfully
[2025-10-30 11:54:23,327: INFO: common]: YAML file: params.yaml loaded successfully
[2025-10-30 11:54:23,328: INFO: common]: YAML file: schema.yaml loaded successfully
[2025-10-30 11:54:23,329: INFO: common]: created directory at: artifacts
[2025-10-30 11:54:23,329: INFO: common]: created directory at: artifacts/data_ingestion
[2025-10-30 11:54:23,331: INFO: data_ingestion]: Extracted zip file artifacts/data_ingestion/data.zip to artifacts/data_ingestion
[2025-10-30 11:54:23,331: INFO: main]: >>>>>> Stage Data Ingestion Stage completed <<<<<<


[2025-10-30 11:54:23,331: INFO: main]: >>>>>> Stage Data Validation Stage started <<<<<<
[2025-10-30 11:54:23,332: INFO: common]: YAML file: config\config.yaml loaded successfully
[2025-10-30 11:54:23,333: INFO: common]: YAML file: params.yaml loaded successfully
[2025-10-30 11:54:23,334: INFO: common]: YAML file: schema.yaml loaded successfully
[2025-10-30 11:54:23,334: INFO: common]: created directory at: artifacts
[2025-10-30 11:54:23,334: INFO: common]: created directory at: artifacts/data_validation
[2025-10-30 11:54:23,347: INFO: data_validation_pipline]: Data validation status: False
[2025-10-30 11:54:23,347: INFO: main]: >>>>>> Stage Data Validation Stage completed <<<<<<


[2025-10-30 11:54:23,347: INFO: main]: >>>>>> Stage Data Transformation Stage started <<<<<<
[2025-10-30 11:54:23,348: ERROR: data_transformation_pipline]: Your Data scheme is not valid
Traceback (most recent call last):
  File "D:\Projects\dsproject\src\datascience\pipeline\data_transformation_pipline.py", line 30, in initiate_data_transformation
    raise Exception("Your Data scheme is not valid")
Exception: Your Data scheme is not valid
[2025-10-30 11:54:23,349: ERROR: main]: Your Data scheme is not valid
Traceback (most recent call last):
  File "D:\Projects\dsproject\main.py", line 34, in <module>
    data_transformation.initiate_data_transformation()
    ~~~~~~~~~~~~~~~~~~~~~~~~~~~~~~~~~~~~~~~~~~~~~~~~^^
  File "D:\Projects\dsproject\src\datascience\pipeline\data_transformation_pipline.py", line 33, in initiate_data_transformation
    raise e
  File "D:\Projects\dsproject\src\datascience\pipeline\data_transformation_pipline.py", line 30, in initiate_data_transformation
    raise Exception("Your Data scheme is not valid")
Exception: Your Data scheme is not valid
[2025-10-30 12:24:25,603: INFO: data_validation_pipline]: >>>>>> Stage Data Validation Stage started <<<<<<
[2025-10-30 12:24:25,606: INFO: common]: YAML file: config\config.yaml loaded successfully
[2025-10-30 12:24:25,613: INFO: common]: YAML file: params.yaml loaded successfully
[2025-10-30 12:24:25,614: INFO: common]: YAML file: schema.yaml loaded successfully
[2025-10-30 12:24:25,614: INFO: common]: created directory at: artifacts
[2025-10-30 12:24:25,614: INFO: common]: created directory at: artifacts/data_validation
[2025-10-30 12:24:25,619: INFO: data_validation_pipline]: Data validation status: False
[2025-10-30 12:24:25,620: INFO: data_validation_pipline]: >>>>>> Stage Data Validation Stage completed <<<<<<


[2025-10-30 12:24:40,974: INFO: data_validation_pipline]: >>>>>> Stage Data Validation Stage started <<<<<<
[2025-10-30 12:24:40,975: INFO: common]: YAML file: config\config.yaml loaded successfully
[2025-10-30 12:24:40,976: INFO: common]: YAML file: params.yaml loaded successfully
[2025-10-30 12:24:40,977: INFO: common]: YAML file: schema.yaml loaded successfully
[2025-10-30 12:24:40,977: INFO: common]: created directory at: artifacts
[2025-10-30 12:24:40,977: INFO: common]: created directory at: artifacts/data_validation
[2025-10-30 12:24:40,982: INFO: data_validation]: CSV Columns: ['fixed acidity', 'volatile acidity', 'citric acid', 'residual sugar', 'chlorides', 'free sulfur dioxide', 'total sulfur dioxide', 'density', 'pH', 'sulphates', 'alcohol', 'quality']
[2025-10-30 12:24:40,982: INFO: data_validation]: Schema Columns: ['COLUMNS', 'TARGET_COLUMN']
[2025-10-30 12:24:40,983: ERROR: data_validation]: Column 'fixed acidity' NOT found in schema!
[2025-10-30 12:24:40,983: INFO: data_validation]: Final validation status: False
[2025-10-30 12:24:40,983: INFO: data_validation_pipline]: Data validation status: False
[2025-10-30 12:24:40,983: INFO: data_validation_pipline]: >>>>>> Stage Data Validation Stage completed <<<<<<


[2025-10-30 12:25:03,949: INFO: data_validation_pipline]: >>>>>> Stage Data Validation Stage started <<<<<<
[2025-10-30 12:25:03,951: INFO: common]: YAML file: config\config.yaml loaded successfully
[2025-10-30 12:25:03,952: INFO: common]: YAML file: params.yaml loaded successfully
[2025-10-30 12:25:03,953: INFO: common]: YAML file: schema.yaml loaded successfully
[2025-10-30 12:25:03,953: INFO: common]: created directory at: artifacts
[2025-10-30 12:25:03,953: INFO: common]: created directory at: artifacts/data_validation
[2025-10-30 12:25:03,958: INFO: data_validation]: CSV Columns: ['fixed acidity', 'volatile acidity', 'citric acid', 'residual sugar', 'chlorides', 'free sulfur dioxide', 'total sulfur dioxide', 'density', 'pH', 'sulphates', 'alcohol', 'quality']
[2025-10-30 12:25:03,958: INFO: data_validation]: Schema Columns: ['fixed acidity', 'volatile acidity', 'citric acid', 'residual sugar', 'chlorides', 'free sulfur dioxide', 'total sulfur dioxide', 'density', 'pH', 'sulphates', 'alcohol', 'quality']
[2025-10-30 12:25:03,959: INFO: data_validation]: Column 'fixed acidity' found in schema
[2025-10-30 12:25:03,959: INFO: data_validation]: Column 'volatile acidity' found in schema
[2025-10-30 12:25:03,959: INFO: data_validation]: Column 'citric acid' found in schema
[2025-10-30 12:25:03,959: INFO: data_validation]: Column 'residual sugar' found in schema
[2025-10-30 12:25:03,959: INFO: data_validation]: Column 'chlorides' found in schema
[2025-10-30 12:25:03,959: INFO: data_validation]: Column 'free sulfur dioxide' found in schema
[2025-10-30 12:25:03,959: INFO: data_validation]: Column 'total sulfur dioxide' found in schema
[2025-10-30 12:25:03,959: INFO: data_validation]: Column 'density' found in schema
[2025-10-30 12:25:03,959: INFO: data_validation]: Column 'pH' found in schema
[2025-10-30 12:25:03,959: INFO: data_validation]: Column 'sulphates' found in schema
[2025-10-30 12:25:03,959: INFO: data_validation]: Column 'alcohol' found in schema
[2025-10-30 12:25:03,959: INFO: data_validation]: Column 'quality' found in schema
[2025-10-30 12:25:03,960: INFO: data_validation]: Final validation status: True
[2025-10-30 12:25:03,960: INFO: data_validation_pipline]: Data validation status: True
[2025-10-30 12:25:03,960: INFO: data_validation_pipline]: >>>>>> Stage Data Validation Stage completed <<<<<<


[2025-10-30 12:25:17,417: INFO: main]: Datascience package initialized.
[2025-10-30 12:25:22,933: INFO: main]: >>>>>> Stage Data Ingestion Stage started <<<<<<
[2025-10-30 12:25:22,934: INFO: common]: YAML file: config\config.yaml loaded successfully
[2025-10-30 12:25:22,935: INFO: common]: YAML file: params.yaml loaded successfully
[2025-10-30 12:25:22,936: INFO: common]: YAML file: schema.yaml loaded successfully
[2025-10-30 12:25:22,936: INFO: common]: created directory at: artifacts
[2025-10-30 12:25:22,937: INFO: common]: created directory at: artifacts/data_ingestion
[2025-10-30 12:25:22,949: INFO: data_ingestion]: Extracted zip file artifacts/data_ingestion/data.zip to artifacts/data_ingestion
[2025-10-30 12:25:22,949: INFO: main]: >>>>>> Stage Data Ingestion Stage completed <<<<<<


[2025-10-30 12:25:22,949: INFO: main]: >>>>>> Stage Data Validation Stage started <<<<<<
[2025-10-30 12:25:22,951: INFO: common]: YAML file: config\config.yaml loaded successfully
[2025-10-30 12:25:22,952: INFO: common]: YAML file: params.yaml loaded successfully
[2025-10-30 12:25:22,953: INFO: common]: YAML file: schema.yaml loaded successfully
[2025-10-30 12:25:22,953: INFO: common]: created directory at: artifacts
[2025-10-30 12:25:22,953: INFO: common]: created directory at: artifacts/data_validation
[2025-10-30 12:25:22,966: INFO: data_validation]: CSV Columns: ['fixed acidity', 'volatile acidity', 'citric acid', 'residual sugar', 'chlorides', 'free sulfur dioxide', 'total sulfur dioxide', 'density', 'pH', 'sulphates', 'alcohol', 'quality']
[2025-10-30 12:25:22,966: INFO: data_validation]: Schema Columns: ['fixed acidity', 'volatile acidity', 'citric acid', 'residual sugar', 'chlorides', 'free sulfur dioxide', 'total sulfur dioxide', 'density', 'pH', 'sulphates', 'alcohol', 'quality']
[2025-10-30 12:25:22,967: INFO: data_validation]: Column 'fixed acidity' found in schema
[2025-10-30 12:25:22,967: INFO: data_validation]: Column 'volatile acidity' found in schema
[2025-10-30 12:25:22,967: INFO: data_validation]: Column 'citric acid' found in schema
[2025-10-30 12:25:22,967: INFO: data_validation]: Column 'residual sugar' found in schema
[2025-10-30 12:25:22,967: INFO: data_validation]: Column 'chlorides' found in schema
[2025-10-30 12:25:22,967: INFO: data_validation]: Column 'free sulfur dioxide' found in schema
[2025-10-30 12:25:22,967: INFO: data_validation]: Column 'total sulfur dioxide' found in schema
[2025-10-30 12:25:22,967: INFO: data_validation]: Column 'density' found in schema
[2025-10-30 12:25:22,967: INFO: data_validation]: Column 'pH' found in schema
[2025-10-30 12:25:22,968: INFO: data_validation]: Column 'sulphates' found in schema
[2025-10-30 12:25:22,968: INFO: data_validation]: Column 'alcohol' found in schema
[2025-10-30 12:25:22,968: INFO: data_validation]: Column 'quality' found in schema
[2025-10-30 12:25:22,968: INFO: data_validation]: Final validation status: True
[2025-10-30 12:25:22,969: INFO: data_validation_pipline]: Data validation status: True
[2025-10-30 12:25:22,969: INFO: main]: >>>>>> Stage Data Validation Stage completed <<<<<<


[2025-10-30 12:25:22,969: INFO: main]: >>>>>> Stage Data Transformation Stage started <<<<<<
[2025-10-30 12:25:22,971: INFO: common]: YAML file: config\config.yaml loaded successfully
[2025-10-30 12:25:22,972: INFO: common]: YAML file: params.yaml loaded successfully
[2025-10-30 12:25:22,973: INFO: common]: YAML file: schema.yaml loaded successfully
[2025-10-30 12:25:22,973: INFO: common]: created directory at: artifacts
[2025-10-30 12:25:22,973: INFO: common]: created directory at: artifacts/data_transformation
[2025-10-30 12:25:23,003: INFO: data_transformation]: Splited data into training and test sets
[2025-10-30 12:25:23,003: INFO: data_transformation]: (1199, 12)
[2025-10-30 12:25:23,003: INFO: data_transformation]: (400, 12)
[2025-10-30 12:25:23,004: INFO: main]: >>>>>> Stage Data Transformation Stage completed <<<<<<


[2025-11-04 09:36:09,675: INFO: main]: Datascience package initialized.
[2025-11-04 09:36:16,265: INFO: main]: >>>>>> Stage Data Ingestion Stage started <<<<<<
[2025-11-04 09:36:16,274: INFO: common]: YAML file: config\config.yaml loaded successfully
[2025-11-04 09:36:16,279: INFO: common]: YAML file: params.yaml loaded successfully
[2025-11-04 09:36:16,280: INFO: common]: YAML file: schema.yaml loaded successfully
[2025-11-04 09:36:16,281: INFO: common]: created directory at: artifacts
[2025-11-04 09:36:16,281: INFO: common]: created directory at: artifacts/data_ingestion
[2025-11-04 09:36:16,293: INFO: data_ingestion]: Extracted zip file artifacts/data_ingestion/data.zip to artifacts/data_ingestion
[2025-11-04 09:36:16,293: INFO: main]: >>>>>> Stage Data Ingestion Stage completed <<<<<<


[2025-11-04 09:36:16,293: INFO: main]: >>>>>> Stage Data Validation Stage started <<<<<<
[2025-11-04 09:36:16,295: INFO: common]: YAML file: config\config.yaml loaded successfully
[2025-11-04 09:36:16,295: INFO: common]: YAML file: params.yaml loaded successfully
[2025-11-04 09:36:16,296: INFO: common]: YAML file: schema.yaml loaded successfully
[2025-11-04 09:36:16,297: INFO: common]: created directory at: artifacts
[2025-11-04 09:36:16,297: INFO: common]: created directory at: artifacts/data_validation
[2025-11-04 09:36:16,312: INFO: data_validation]: CSV Columns: ['fixed acidity', 'volatile acidity', 'citric acid', 'residual sugar', 'chlorides', 'free sulfur dioxide', 'total sulfur dioxide', 'density', 'pH', 'sulphates', 'alcohol', 'quality']
[2025-11-04 09:36:16,312: INFO: data_validation]: Schema Columns: ['fixed acidity', 'volatile acidity', 'citric acid', 'residual sugar', 'chlorides', 'free sulfur dioxide', 'total sulfur dioxide', 'density', 'pH', 'sulphates', 'alcohol', 'quality']
[2025-11-04 09:36:16,312: INFO: data_validation]: Column 'fixed acidity' found in schema
[2025-11-04 09:36:16,312: INFO: data_validation]: Column 'volatile acidity' found in schema
[2025-11-04 09:36:16,312: INFO: data_validation]: Column 'citric acid' found in schema
[2025-11-04 09:36:16,312: INFO: data_validation]: Column 'residual sugar' found in schema
[2025-11-04 09:36:16,312: INFO: data_validation]: Column 'chlorides' found in schema
[2025-11-04 09:36:16,312: INFO: data_validation]: Column 'free sulfur dioxide' found in schema
[2025-11-04 09:36:16,312: INFO: data_validation]: Column 'total sulfur dioxide' found in schema
[2025-11-04 09:36:16,313: INFO: data_validation]: Column 'density' found in schema
[2025-11-04 09:36:16,313: INFO: data_validation]: Column 'pH' found in schema
[2025-11-04 09:36:16,313: INFO: data_validation]: Column 'sulphates' found in schema
[2025-11-04 09:36:16,313: INFO: data_validation]: Column 'alcohol' found in schema
[2025-11-04 09:36:16,313: INFO: data_validation]: Column 'quality' found in schema
[2025-11-04 09:36:16,313: INFO: data_validation]: Final validation status: True
[2025-11-04 09:36:16,313: INFO: data_validation_pipline]: Data validation status: True
[2025-11-04 09:36:16,314: INFO: main]: >>>>>> Stage Data Validation Stage completed <<<<<<


[2025-11-04 09:36:16,314: INFO: main]: >>>>>> Stage Data Transformation Stage started <<<<<<
[2025-11-04 09:36:16,322: INFO: common]: YAML file: config\config.yaml loaded successfully
[2025-11-04 09:36:16,323: INFO: common]: YAML file: params.yaml loaded successfully
[2025-11-04 09:36:16,324: INFO: common]: YAML file: schema.yaml loaded successfully
[2025-11-04 09:36:16,324: INFO: common]: created directory at: artifacts
[2025-11-04 09:36:16,325: INFO: common]: created directory at: artifacts/data_transformation
[2025-11-04 09:36:16,343: INFO: data_transformation]: Splited data into training and test sets
[2025-11-04 09:36:16,343: INFO: data_transformation]: (1199, 12)
[2025-11-04 09:36:16,343: INFO: data_transformation]: (400, 12)
[2025-11-04 09:36:16,343: INFO: main]: >>>>>> Stage Data Transformation Stage completed <<<<<<


[2025-11-04 09:36:16,344: INFO: main]: >>>>>> Stage Model Training Stage started <<<<<<
[2025-11-04 09:36:16,344: ERROR: main]: 'ModelTrainerTrainingPipeline' object has no attribute 'main'
Traceback (most recent call last):
  File "D:\Projects\dsproject\main.py", line 45, in <module>
    model_trainer.main()
    ^^^^^^^^^^^^^^^^^^
AttributeError: 'ModelTrainerTrainingPipeline' object has no attribute 'main'
[2025-11-04 09:36:50,040: INFO: main]: Datascience package initialized.
[2025-11-04 09:36:51,024: INFO: main]: >>>>>> Stage Data Ingestion Stage started <<<<<<
[2025-11-04 09:36:51,026: INFO: common]: YAML file: config\config.yaml loaded successfully
[2025-11-04 09:36:51,026: INFO: common]: YAML file: params.yaml loaded successfully
[2025-11-04 09:36:51,027: INFO: common]: YAML file: schema.yaml loaded successfully
[2025-11-04 09:36:51,028: INFO: common]: created directory at: artifacts
[2025-11-04 09:36:51,028: INFO: common]: created directory at: artifacts/data_ingestion
[2025-11-04 09:36:51,030: INFO: data_ingestion]: Extracted zip file artifacts/data_ingestion/data.zip to artifacts/data_ingestion
[2025-11-04 09:36:51,030: INFO: main]: >>>>>> Stage Data Ingestion Stage completed <<<<<<


[2025-11-04 09:36:51,030: INFO: main]: >>>>>> Stage Data Validation Stage started <<<<<<
[2025-11-04 09:36:51,032: INFO: common]: YAML file: config\config.yaml loaded successfully
[2025-11-04 09:36:51,032: INFO: common]: YAML file: params.yaml loaded successfully
[2025-11-04 09:36:51,033: INFO: common]: YAML file: schema.yaml loaded successfully
[2025-11-04 09:36:51,033: INFO: common]: created directory at: artifacts
[2025-11-04 09:36:51,034: INFO: common]: created directory at: artifacts/data_validation
[2025-11-04 09:36:51,046: INFO: data_validation]: CSV Columns: ['fixed acidity', 'volatile acidity', 'citric acid', 'residual sugar', 'chlorides', 'free sulfur dioxide', 'total sulfur dioxide', 'density', 'pH', 'sulphates', 'alcohol', 'quality']
[2025-11-04 09:36:51,046: INFO: data_validation]: Schema Columns: ['fixed acidity', 'volatile acidity', 'citric acid', 'residual sugar', 'chlorides', 'free sulfur dioxide', 'total sulfur dioxide', 'density', 'pH', 'sulphates', 'alcohol', 'quality']
[2025-11-04 09:36:51,046: INFO: data_validation]: Column 'fixed acidity' found in schema
[2025-11-04 09:36:51,046: INFO: data_validation]: Column 'volatile acidity' found in schema
[2025-11-04 09:36:51,046: INFO: data_validation]: Column 'citric acid' found in schema
[2025-11-04 09:36:51,046: INFO: data_validation]: Column 'residual sugar' found in schema
[2025-11-04 09:36:51,046: INFO: data_validation]: Column 'chlorides' found in schema
[2025-11-04 09:36:51,047: INFO: data_validation]: Column 'free sulfur dioxide' found in schema
[2025-11-04 09:36:51,047: INFO: data_validation]: Column 'total sulfur dioxide' found in schema
[2025-11-04 09:36:51,047: INFO: data_validation]: Column 'density' found in schema
[2025-11-04 09:36:51,047: INFO: data_validation]: Column 'pH' found in schema
[2025-11-04 09:36:51,047: INFO: data_validation]: Column 'sulphates' found in schema
[2025-11-04 09:36:51,047: INFO: data_validation]: Column 'alcohol' found in schema
[2025-11-04 09:36:51,047: INFO: data_validation]: Column 'quality' found in schema
[2025-11-04 09:36:51,048: INFO: data_validation]: Final validation status: True
[2025-11-04 09:36:51,048: INFO: data_validation_pipline]: Data validation status: True
[2025-11-04 09:36:51,048: INFO: main]: >>>>>> Stage Data Validation Stage completed <<<<<<


[2025-11-04 09:36:51,048: INFO: main]: >>>>>> Stage Data Transformation Stage started <<<<<<
[2025-11-04 09:36:51,051: INFO: common]: YAML file: config\config.yaml loaded successfully
[2025-11-04 09:36:51,051: INFO: common]: YAML file: params.yaml loaded successfully
[2025-11-04 09:36:51,052: INFO: common]: YAML file: schema.yaml loaded successfully
[2025-11-04 09:36:51,053: INFO: common]: created directory at: artifacts
[2025-11-04 09:36:51,053: INFO: common]: created directory at: artifacts/data_transformation
[2025-11-04 09:36:51,067: INFO: data_transformation]: Splited data into training and test sets
[2025-11-04 09:36:51,067: INFO: data_transformation]: (1199, 12)
[2025-11-04 09:36:51,067: INFO: data_transformation]: (400, 12)
[2025-11-04 09:36:51,068: INFO: main]: >>>>>> Stage Data Transformation Stage completed <<<<<<


[2025-11-04 09:36:51,068: INFO: main]: >>>>>> Stage Model Training Stage started <<<<<<
[2025-11-04 09:36:51,069: INFO: common]: YAML file: config\config.yaml loaded successfully
[2025-11-04 09:36:51,070: INFO: common]: YAML file: params.yaml loaded successfully
[2025-11-04 09:36:51,071: INFO: common]: YAML file: schema.yaml loaded successfully
[2025-11-04 09:36:51,071: INFO: common]: created directory at: artifacts
[2025-11-04 09:36:51,072: INFO: common]: created directory at: artifacts/model_trainer
[2025-11-04 09:36:51,098: INFO: main]: >>>>>> Stage Model Training Stage completed <<<<<<


[2025-11-04 10:38:24,575: INFO: main]: Datascience package initialized.
[2025-11-04 10:38:59,238: INFO: main]: Datascience package initialized.
[2025-11-04 10:39:05,153: INFO: main]: >>>>>> Stage Data Ingestion Stage started <<<<<<
[2025-11-04 10:39:05,155: INFO: common]: YAML file: config\config.yaml loaded successfully
[2025-11-04 10:39:05,157: INFO: common]: YAML file: params.yaml loaded successfully
[2025-11-04 10:39:05,158: INFO: common]: YAML file: schema.yaml loaded successfully
[2025-11-04 10:39:05,159: INFO: common]: created directory at: artifacts
[2025-11-04 10:39:05,159: INFO: common]: created directory at: artifacts/data_ingestion
[2025-11-04 10:39:05,172: INFO: data_ingestion]: Extracted zip file artifacts/data_ingestion/data.zip to artifacts/data_ingestion
[2025-11-04 10:39:05,173: INFO: main]: >>>>>> Stage Data Ingestion Stage completed <<<<<<


[2025-11-04 10:39:05,173: INFO: main]: >>>>>> Stage Data Validation Stage started <<<<<<
[2025-11-04 10:39:05,175: INFO: common]: YAML file: config\config.yaml loaded successfully
[2025-11-04 10:39:05,175: INFO: common]: YAML file: params.yaml loaded successfully
[2025-11-04 10:39:05,176: INFO: common]: YAML file: schema.yaml loaded successfully
[2025-11-04 10:39:05,177: INFO: common]: created directory at: artifacts
[2025-11-04 10:39:05,177: INFO: common]: created directory at: artifacts/data_validation
[2025-11-04 10:39:05,191: INFO: data_validation]: CSV Columns: ['fixed acidity', 'volatile acidity', 'citric acid', 'residual sugar', 'chlorides', 'free sulfur dioxide', 'total sulfur dioxide', 'density', 'pH', 'sulphates', 'alcohol', 'quality']
[2025-11-04 10:39:05,191: INFO: data_validation]: Schema Columns: ['fixed acidity', 'volatile acidity', 'citric acid', 'residual sugar', 'chlorides', 'free sulfur dioxide', 'total sulfur dioxide', 'density', 'pH', 'sulphates', 'alcohol', 'quality']
[2025-11-04 10:39:05,191: INFO: data_validation]: Column 'fixed acidity' found in schema
[2025-11-04 10:39:05,191: INFO: data_validation]: Column 'volatile acidity' found in schema
[2025-11-04 10:39:05,191: INFO: data_validation]: Column 'citric acid' found in schema
[2025-11-04 10:39:05,191: INFO: data_validation]: Column 'residual sugar' found in schema
[2025-11-04 10:39:05,191: INFO: data_validation]: Column 'chlorides' found in schema
[2025-11-04 10:39:05,192: INFO: data_validation]: Column 'free sulfur dioxide' found in schema
[2025-11-04 10:39:05,192: INFO: data_validation]: Column 'total sulfur dioxide' found in schema
[2025-11-04 10:39:05,192: INFO: data_validation]: Column 'density' found in schema
[2025-11-04 10:39:05,192: INFO: data_validation]: Column 'pH' found in schema
[2025-11-04 10:39:05,192: INFO: data_validation]: Column 'sulphates' found in schema
[2025-11-04 10:39:05,192: INFO: data_validation]: Column 'alcohol' found in schema
[2025-11-04 10:39:05,192: INFO: data_validation]: Column 'quality' found in schema
[2025-11-04 10:39:05,192: INFO: data_validation]: Final validation status: True
[2025-11-04 10:39:05,193: INFO: data_validation_pipline]: Data validation status: True
[2025-11-04 10:39:05,193: INFO: main]: >>>>>> Stage Data Validation Stage completed <<<<<<


[2025-11-04 10:39:05,193: INFO: main]: >>>>>> Stage Data Transformation Stage started <<<<<<
[2025-11-04 10:39:05,201: INFO: common]: YAML file: config\config.yaml loaded successfully
[2025-11-04 10:39:05,202: INFO: common]: YAML file: params.yaml loaded successfully
[2025-11-04 10:39:05,203: INFO: common]: YAML file: schema.yaml loaded successfully
[2025-11-04 10:39:05,203: INFO: common]: created directory at: artifacts
[2025-11-04 10:39:05,204: INFO: common]: created directory at: artifacts/data_transformation
[2025-11-04 10:39:05,218: INFO: data_transformation]: Splited data into training and test sets
[2025-11-04 10:39:05,218: INFO: data_transformation]: (1199, 12)
[2025-11-04 10:39:05,218: INFO: data_transformation]: (400, 12)
[2025-11-04 10:39:05,218: INFO: main]: >>>>>> Stage Data Transformation Stage completed <<<<<<


[2025-11-04 10:39:05,219: INFO: main]: >>>>>> Stage Model Training Stage started <<<<<<
[2025-11-04 10:39:05,220: INFO: common]: YAML file: config\config.yaml loaded successfully
[2025-11-04 10:39:05,221: INFO: common]: YAML file: params.yaml loaded successfully
[2025-11-04 10:39:05,222: INFO: common]: YAML file: schema.yaml loaded successfully
[2025-11-04 10:39:05,222: INFO: common]: created directory at: artifacts
[2025-11-04 10:39:05,222: INFO: common]: created directory at: artifacts/model_trainer
[2025-11-04 10:39:05,248: INFO: main]: >>>>>> Stage Model Training Stage completed <<<<<<


[2025-11-04 10:39:05,248: INFO: main]: >>>>>> Stage Model Evaluation Stage started <<<<<<
[2025-11-04 10:39:12,340: INFO: common]: YAML file: config\config.yaml loaded successfully
[2025-11-04 10:39:12,341: INFO: common]: YAML file: params.yaml loaded successfully
[2025-11-04 10:39:12,342: INFO: common]: YAML file: schema.yaml loaded successfully
[2025-11-04 10:39:12,342: INFO: common]: created directory at: artifacts
[2025-11-04 10:39:12,342: INFO: common]: created directory at: artifacts/model_evaluation
[2025-11-04 10:39:15,371: ERROR: main]: typing.Any cannot be used with isinstance()
Traceback (most recent call last):
  File "D:\Projects\dsproject\main.py", line 56, in <module>
    model_evaluation.initiate_model_evaluation()
    ~~~~~~~~~~~~~~~~~~~~~~~~~~~~~~~~~~~~~~~~~~^^
  File "D:\Projects\dsproject\src\datascience\pipeline\model_evaluation_pipline.py", line 15, in initiate_model_evaluation
    model_evaluation.log_into_mlflow()
    ~~~~~~~~~~~~~~~~~~~~~~~~~~~~~~~~^^
  File "D:\Projects\dsproject\src\datascience\components\model_evaluation.py", line 53, in log_into_mlflow
    save_json(path=Path(self.config.metric_file_name), data=scores)
    ~~~~~~~~~^^^^^^^^^^^^^^^^^^^^^^^^^^^^^^^^^^^^^^^^^^^^^^^^^^^^^^
  File "D:\Projects\dsproject\.venv\Lib\site-packages\ensure\main.py", line 868, in __call__
    if not isinstance(value, templ):
           ~~~~~~~~~~^^^^^^^^^^^^^^
  File "C:\Users\amirhrst\AppData\Roaming\uv\python\cpython-3.13.4-windows-x86_64-none\Lib\typing.py", line 589, in __instancecheck__
    raise TypeError("typing.Any cannot be used with isinstance()")
TypeError: typing.Any cannot be used with isinstance()
[2025-11-04 10:40:58,954: INFO: main]: Datascience package initialized.
[2025-11-04 10:40:59,964: INFO: main]: >>>>>> Stage Data Ingestion Stage started <<<<<<
[2025-11-04 10:40:59,966: INFO: common]: YAML file: config\config.yaml loaded successfully
[2025-11-04 10:40:59,967: INFO: common]: YAML file: params.yaml loaded successfully
[2025-11-04 10:40:59,968: INFO: common]: YAML file: schema.yaml loaded successfully
[2025-11-04 10:40:59,968: INFO: common]: created directory at: artifacts
[2025-11-04 10:40:59,968: INFO: common]: created directory at: artifacts/data_ingestion
[2025-11-04 10:40:59,970: INFO: data_ingestion]: Extracted zip file artifacts/data_ingestion/data.zip to artifacts/data_ingestion
[2025-11-04 10:40:59,970: INFO: main]: >>>>>> Stage Data Ingestion Stage completed <<<<<<


[2025-11-04 10:40:59,970: INFO: main]: >>>>>> Stage Data Validation Stage started <<<<<<
[2025-11-04 10:40:59,972: INFO: common]: YAML file: config\config.yaml loaded successfully
[2025-11-04 10:40:59,973: INFO: common]: YAML file: params.yaml loaded successfully
[2025-11-04 10:40:59,975: INFO: common]: YAML file: schema.yaml loaded successfully
[2025-11-04 10:40:59,975: INFO: common]: created directory at: artifacts
[2025-11-04 10:40:59,976: INFO: common]: created directory at: artifacts/data_validation
[2025-11-04 10:40:59,989: INFO: data_validation]: CSV Columns: ['fixed acidity', 'volatile acidity', 'citric acid', 'residual sugar', 'chlorides', 'free sulfur dioxide', 'total sulfur dioxide', 'density', 'pH', 'sulphates', 'alcohol', 'quality']
[2025-11-04 10:40:59,989: INFO: data_validation]: Schema Columns: ['fixed acidity', 'volatile acidity', 'citric acid', 'residual sugar', 'chlorides', 'free sulfur dioxide', 'total sulfur dioxide', 'density', 'pH', 'sulphates', 'alcohol', 'quality']
[2025-11-04 10:40:59,989: INFO: data_validation]: Column 'fixed acidity' found in schema
[2025-11-04 10:40:59,989: INFO: data_validation]: Column 'volatile acidity' found in schema
[2025-11-04 10:40:59,990: INFO: data_validation]: Column 'citric acid' found in schema
[2025-11-04 10:40:59,990: INFO: data_validation]: Column 'residual sugar' found in schema
[2025-11-04 10:40:59,990: INFO: data_validation]: Column 'chlorides' found in schema
[2025-11-04 10:40:59,990: INFO: data_validation]: Column 'free sulfur dioxide' found in schema
[2025-11-04 10:40:59,990: INFO: data_validation]: Column 'total sulfur dioxide' found in schema
[2025-11-04 10:40:59,990: INFO: data_validation]: Column 'density' found in schema
[2025-11-04 10:40:59,990: INFO: data_validation]: Column 'pH' found in schema
[2025-11-04 10:40:59,990: INFO: data_validation]: Column 'sulphates' found in schema
[2025-11-04 10:40:59,990: INFO: data_validation]: Column 'alcohol' found in schema
[2025-11-04 10:40:59,990: INFO: data_validation]: Column 'quality' found in schema
[2025-11-04 10:40:59,991: INFO: data_validation]: Final validation status: True
[2025-11-04 10:40:59,991: INFO: data_validation_pipline]: Data validation status: True
[2025-11-04 10:40:59,991: INFO: main]: >>>>>> Stage Data Validation Stage completed <<<<<<


[2025-11-04 10:40:59,991: INFO: main]: >>>>>> Stage Data Transformation Stage started <<<<<<
[2025-11-04 10:40:59,993: INFO: common]: YAML file: config\config.yaml loaded successfully
[2025-11-04 10:40:59,994: INFO: common]: YAML file: params.yaml loaded successfully
[2025-11-04 10:40:59,995: INFO: common]: YAML file: schema.yaml loaded successfully
[2025-11-04 10:40:59,995: INFO: common]: created directory at: artifacts
[2025-11-04 10:40:59,996: INFO: common]: created directory at: artifacts/data_transformation
[2025-11-04 10:41:00,011: INFO: data_transformation]: Splited data into training and test sets
[2025-11-04 10:41:00,011: INFO: data_transformation]: (1199, 12)
[2025-11-04 10:41:00,011: INFO: data_transformation]: (400, 12)
[2025-11-04 10:41:00,011: INFO: main]: >>>>>> Stage Data Transformation Stage completed <<<<<<


[2025-11-04 10:41:00,012: INFO: main]: >>>>>> Stage Model Training Stage started <<<<<<
[2025-11-04 10:41:00,013: INFO: common]: YAML file: config\config.yaml loaded successfully
[2025-11-04 10:41:00,014: INFO: common]: YAML file: params.yaml loaded successfully
[2025-11-04 10:41:00,015: INFO: common]: YAML file: schema.yaml loaded successfully
[2025-11-04 10:41:00,016: INFO: common]: created directory at: artifacts
[2025-11-04 10:41:00,016: INFO: common]: created directory at: artifacts/model_trainer
[2025-11-04 10:41:00,043: INFO: main]: >>>>>> Stage Model Training Stage completed <<<<<<


[2025-11-04 10:41:00,044: INFO: main]: >>>>>> Stage Model Evaluation Stage started <<<<<<
[2025-11-04 10:41:00,710: INFO: common]: YAML file: config\config.yaml loaded successfully
[2025-11-04 10:41:00,711: INFO: common]: YAML file: params.yaml loaded successfully
[2025-11-04 10:41:00,712: INFO: common]: YAML file: schema.yaml loaded successfully
[2025-11-04 10:41:00,712: INFO: common]: created directory at: artifacts
[2025-11-04 10:41:00,712: INFO: common]: created directory at: artifacts/model_evaluation
[2025-11-04 10:41:02,599: ERROR: main]: typing.Any cannot be used with isinstance()
Traceback (most recent call last):
  File "D:\Projects\dsproject\main.py", line 56, in <module>
    model_evaluation.initiate_model_evaluation()
    ~~~~~~~~~~~~~~~~~~~~~~~~~~~~~~~~~~~~~~~~~~^^
  File "D:\Projects\dsproject\src\datascience\pipeline\model_evaluation_pipline.py", line 15, in initiate_model_evaluation
    model_evaluation.log_into_mlflow()
    ~~~~~~~~~~~~~~~~~~~~~~~~~~~~~~~~^^
  File "D:\Projects\dsproject\src\datascience\components\model_evaluation.py", line 53, in log_into_mlflow
    save_json(path=Path(self.config.metric_file_name), data=scores)
    ~~~~~~~~~^^^^^^^^^^^^^^^^^^^^^^^^^^^^^^^^^^^^^^^^^^^^^^^^^^^^^^
  File "D:\Projects\dsproject\.venv\Lib\site-packages\ensure\main.py", line 868, in __call__
    if not isinstance(value, templ):
           ~~~~~~~~~~^^^^^^^^^^^^^^
  File "C:\Users\amirhrst\AppData\Roaming\uv\python\cpython-3.13.4-windows-x86_64-none\Lib\typing.py", line 589, in __instancecheck__
    raise TypeError("typing.Any cannot be used with isinstance()")
TypeError: typing.Any cannot be used with isinstance()
[2025-11-04 10:42:45,805: INFO: main]: Datascience package initialized.
[2025-11-04 10:42:46,854: INFO: main]: >>>>>> Stage Data Ingestion Stage started <<<<<<
[2025-11-04 10:42:46,856: INFO: common]: YAML file: config\config.yaml loaded successfully
[2025-11-04 10:42:46,857: INFO: common]: YAML file: params.yaml loaded successfully
[2025-11-04 10:42:46,858: INFO: common]: YAML file: schema.yaml loaded successfully
[2025-11-04 10:42:46,858: INFO: common]: created directory at: artifacts
[2025-11-04 10:42:46,858: INFO: common]: created directory at: artifacts/data_ingestion
[2025-11-04 10:42:46,860: INFO: data_ingestion]: Extracted zip file artifacts/data_ingestion/data.zip to artifacts/data_ingestion
[2025-11-04 10:42:46,860: INFO: main]: >>>>>> Stage Data Ingestion Stage completed <<<<<<


[2025-11-04 10:42:46,860: INFO: main]: >>>>>> Stage Data Validation Stage started <<<<<<
[2025-11-04 10:42:46,862: INFO: common]: YAML file: config\config.yaml loaded successfully
[2025-11-04 10:42:46,863: INFO: common]: YAML file: params.yaml loaded successfully
[2025-11-04 10:42:46,864: INFO: common]: YAML file: schema.yaml loaded successfully
[2025-11-04 10:42:46,864: INFO: common]: created directory at: artifacts
[2025-11-04 10:42:46,865: INFO: common]: created directory at: artifacts/data_validation
[2025-11-04 10:42:46,878: INFO: data_validation]: CSV Columns: ['fixed acidity', 'volatile acidity', 'citric acid', 'residual sugar', 'chlorides', 'free sulfur dioxide', 'total sulfur dioxide', 'density', 'pH', 'sulphates', 'alcohol', 'quality']
[2025-11-04 10:42:46,878: INFO: data_validation]: Schema Columns: ['fixed acidity', 'volatile acidity', 'citric acid', 'residual sugar', 'chlorides', 'free sulfur dioxide', 'total sulfur dioxide', 'density', 'pH', 'sulphates', 'alcohol', 'quality']
[2025-11-04 10:42:46,878: INFO: data_validation]: Column 'fixed acidity' found in schema
[2025-11-04 10:42:46,878: INFO: data_validation]: Column 'volatile acidity' found in schema
[2025-11-04 10:42:46,878: INFO: data_validation]: Column 'citric acid' found in schema
[2025-11-04 10:42:46,878: INFO: data_validation]: Column 'residual sugar' found in schema
[2025-11-04 10:42:46,879: INFO: data_validation]: Column 'chlorides' found in schema
[2025-11-04 10:42:46,879: INFO: data_validation]: Column 'free sulfur dioxide' found in schema
[2025-11-04 10:42:46,879: INFO: data_validation]: Column 'total sulfur dioxide' found in schema
[2025-11-04 10:42:46,879: INFO: data_validation]: Column 'density' found in schema
[2025-11-04 10:42:46,879: INFO: data_validation]: Column 'pH' found in schema
[2025-11-04 10:42:46,879: INFO: data_validation]: Column 'sulphates' found in schema
[2025-11-04 10:42:46,879: INFO: data_validation]: Column 'alcohol' found in schema
[2025-11-04 10:42:46,879: INFO: data_validation]: Column 'quality' found in schema
[2025-11-04 10:42:46,880: INFO: data_validation]: Final validation status: True
[2025-11-04 10:42:46,880: INFO: data_validation_pipline]: Data validation status: True
[2025-11-04 10:42:46,880: INFO: main]: >>>>>> Stage Data Validation Stage completed <<<<<<


[2025-11-04 10:42:46,880: INFO: main]: >>>>>> Stage Data Transformation Stage started <<<<<<
[2025-11-04 10:42:46,883: INFO: common]: YAML file: config\config.yaml loaded successfully
[2025-11-04 10:42:46,884: INFO: common]: YAML file: params.yaml loaded successfully
[2025-11-04 10:42:46,884: INFO: common]: YAML file: schema.yaml loaded successfully
[2025-11-04 10:42:46,885: INFO: common]: created directory at: artifacts
[2025-11-04 10:42:46,885: INFO: common]: created directory at: artifacts/data_transformation
[2025-11-04 10:42:46,899: INFO: data_transformation]: Splited data into training and test sets
[2025-11-04 10:42:46,899: INFO: data_transformation]: (1199, 12)
[2025-11-04 10:42:46,899: INFO: data_transformation]: (400, 12)
[2025-11-04 10:42:46,899: INFO: main]: >>>>>> Stage Data Transformation Stage completed <<<<<<


[2025-11-04 10:42:46,900: INFO: main]: >>>>>> Stage Model Training Stage started <<<<<<
[2025-11-04 10:42:46,901: INFO: common]: YAML file: config\config.yaml loaded successfully
[2025-11-04 10:42:46,902: INFO: common]: YAML file: params.yaml loaded successfully
[2025-11-04 10:42:46,903: INFO: common]: YAML file: schema.yaml loaded successfully
[2025-11-04 10:42:46,903: INFO: common]: created directory at: artifacts
[2025-11-04 10:42:46,903: INFO: common]: created directory at: artifacts/model_trainer
[2025-11-04 10:42:46,928: INFO: main]: >>>>>> Stage Model Training Stage completed <<<<<<


[2025-11-04 10:42:46,929: INFO: main]: >>>>>> Stage Model Evaluation Stage started <<<<<<
[2025-11-04 10:42:47,506: INFO: common]: YAML file: config\config.yaml loaded successfully
[2025-11-04 10:42:47,507: INFO: common]: YAML file: params.yaml loaded successfully
[2025-11-04 10:42:47,508: INFO: common]: YAML file: schema.yaml loaded successfully
[2025-11-04 10:42:47,508: INFO: common]: created directory at: artifacts
[2025-11-04 10:42:47,508: INFO: common]: created directory at: artifacts/model_evaluation
[2025-11-04 10:42:48,646: INFO: common]: Data successfully saved to JSON file: artifacts\model_evaluation\metrics.json
[2025-11-04 10:42:49,328: ERROR: main]: isinstance() arg 2 must be a type, a tuple of types, or a union
Traceback (most recent call last):
  File "D:\Projects\dsproject\main.py", line 56, in <module>
    model_evaluation.initiate_model_evaluation()
    ~~~~~~~~~~~~~~~~~~~~~~~~~~~~~~~~~~~~~~~~~~^^
  File "D:\Projects\dsproject\src\datascience\pipeline\model_evaluation_pipline.py", line 15, in initiate_model_evaluation
    model_evaluation.log_into_mlflow()
    ~~~~~~~~~~~~~~~~~~~~~~~~~~~~~~~~^^
  File "D:\Projects\dsproject\src\datascience\components\model_evaluation.py", line 53, in log_into_mlflow
    save_json(path=Path(self.config.metric_file_name), data=scores)
    ~~~~~~~~~^^^^^^^^^^^^^^^^^^^^^^^^^^^^^^^^^^^^^^^^^^^^^^^^^^^^^^
  File "D:\Projects\dsproject\.venv\Lib\site-packages\ensure\main.py", line 873, in __call__
    if not isinstance(return_val, self.return_templ):
           ~~~~~~~~~~^^^^^^^^^^^^^^^^^^^^^^^^^^^^^^^
TypeError: isinstance() arg 2 must be a type, a tuple of types, or a union
[2025-11-04 10:43:20,988: INFO: main]: Datascience package initialized.
[2025-11-04 10:43:22,034: INFO: main]: >>>>>> Stage Data Ingestion Stage started <<<<<<
[2025-11-04 10:43:22,036: INFO: common]: YAML file: config\config.yaml loaded successfully
[2025-11-04 10:43:22,037: INFO: common]: YAML file: params.yaml loaded successfully
[2025-11-04 10:43:22,038: INFO: common]: YAML file: schema.yaml loaded successfully
[2025-11-04 10:43:22,038: INFO: common]: created directory at: artifacts
[2025-11-04 10:43:22,038: INFO: common]: created directory at: artifacts/data_ingestion
[2025-11-04 10:43:22,040: INFO: data_ingestion]: Extracted zip file artifacts/data_ingestion/data.zip to artifacts/data_ingestion
[2025-11-04 10:43:22,040: INFO: main]: >>>>>> Stage Data Ingestion Stage completed <<<<<<


[2025-11-04 10:43:22,041: INFO: main]: >>>>>> Stage Data Validation Stage started <<<<<<
[2025-11-04 10:43:22,043: INFO: common]: YAML file: config\config.yaml loaded successfully
[2025-11-04 10:43:22,043: INFO: common]: YAML file: params.yaml loaded successfully
[2025-11-04 10:43:22,044: INFO: common]: YAML file: schema.yaml loaded successfully
[2025-11-04 10:43:22,045: INFO: common]: created directory at: artifacts
[2025-11-04 10:43:22,045: INFO: common]: created directory at: artifacts/data_validation
[2025-11-04 10:43:22,057: INFO: data_validation]: CSV Columns: ['fixed acidity', 'volatile acidity', 'citric acid', 'residual sugar', 'chlorides', 'free sulfur dioxide', 'total sulfur dioxide', 'density', 'pH', 'sulphates', 'alcohol', 'quality']
[2025-11-04 10:43:22,058: INFO: data_validation]: Schema Columns: ['fixed acidity', 'volatile acidity', 'citric acid', 'residual sugar', 'chlorides', 'free sulfur dioxide', 'total sulfur dioxide', 'density', 'pH', 'sulphates', 'alcohol', 'quality']
[2025-11-04 10:43:22,058: INFO: data_validation]: Column 'fixed acidity' found in schema
[2025-11-04 10:43:22,058: INFO: data_validation]: Column 'volatile acidity' found in schema
[2025-11-04 10:43:22,058: INFO: data_validation]: Column 'citric acid' found in schema
[2025-11-04 10:43:22,058: INFO: data_validation]: Column 'residual sugar' found in schema
[2025-11-04 10:43:22,058: INFO: data_validation]: Column 'chlorides' found in schema
[2025-11-04 10:43:22,058: INFO: data_validation]: Column 'free sulfur dioxide' found in schema
[2025-11-04 10:43:22,058: INFO: data_validation]: Column 'total sulfur dioxide' found in schema
[2025-11-04 10:43:22,058: INFO: data_validation]: Column 'density' found in schema
[2025-11-04 10:43:22,058: INFO: data_validation]: Column 'pH' found in schema
[2025-11-04 10:43:22,059: INFO: data_validation]: Column 'sulphates' found in schema
[2025-11-04 10:43:22,059: INFO: data_validation]: Column 'alcohol' found in schema
[2025-11-04 10:43:22,059: INFO: data_validation]: Column 'quality' found in schema
[2025-11-04 10:43:22,059: INFO: data_validation]: Final validation status: True
[2025-11-04 10:43:22,060: INFO: data_validation_pipline]: Data validation status: True
[2025-11-04 10:43:22,060: INFO: main]: >>>>>> Stage Data Validation Stage completed <<<<<<


[2025-11-04 10:43:22,060: INFO: main]: >>>>>> Stage Data Transformation Stage started <<<<<<
[2025-11-04 10:43:22,063: INFO: common]: YAML file: config\config.yaml loaded successfully
[2025-11-04 10:43:22,063: INFO: common]: YAML file: params.yaml loaded successfully
[2025-11-04 10:43:22,064: INFO: common]: YAML file: schema.yaml loaded successfully
[2025-11-04 10:43:22,065: INFO: common]: created directory at: artifacts
[2025-11-04 10:43:22,065: INFO: common]: created directory at: artifacts/data_transformation
[2025-11-04 10:43:22,079: INFO: data_transformation]: Splited data into training and test sets
[2025-11-04 10:43:22,079: INFO: data_transformation]: (1199, 12)
[2025-11-04 10:43:22,079: INFO: data_transformation]: (400, 12)
[2025-11-04 10:43:22,080: INFO: main]: >>>>>> Stage Data Transformation Stage completed <<<<<<


[2025-11-04 10:43:22,080: INFO: main]: >>>>>> Stage Model Training Stage started <<<<<<
[2025-11-04 10:43:22,082: INFO: common]: YAML file: config\config.yaml loaded successfully
[2025-11-04 10:43:22,082: INFO: common]: YAML file: params.yaml loaded successfully
[2025-11-04 10:43:22,083: INFO: common]: YAML file: schema.yaml loaded successfully
[2025-11-04 10:43:22,084: INFO: common]: created directory at: artifacts
[2025-11-04 10:43:22,084: INFO: common]: created directory at: artifacts/model_trainer
[2025-11-04 10:43:22,109: INFO: main]: >>>>>> Stage Model Training Stage completed <<<<<<


[2025-11-04 10:43:22,109: INFO: main]: >>>>>> Stage Model Evaluation Stage started <<<<<<
[2025-11-04 10:43:22,709: INFO: common]: YAML file: config\config.yaml loaded successfully
[2025-11-04 10:43:22,710: INFO: common]: YAML file: params.yaml loaded successfully
[2025-11-04 10:43:22,711: INFO: common]: YAML file: schema.yaml loaded successfully
[2025-11-04 10:43:22,711: INFO: common]: created directory at: artifacts
[2025-11-04 10:43:22,711: INFO: common]: created directory at: artifacts/model_evaluation
[2025-11-04 10:43:23,854: INFO: common]: Data successfully saved to JSON file: artifacts\model_evaluation\metrics.json
[2025-11-04 10:43:25,723: ERROR: main]: INTERNAL_ERROR: Response: {'error': 'unsupported endpoint, please contact support@dagshub.com'}
Traceback (most recent call last):
  File "D:\Projects\dsproject\main.py", line 56, in <module>
    model_evaluation.initiate_model_evaluation()
    ~~~~~~~~~~~~~~~~~~~~~~~~~~~~~~~~~~~~~~~~~~^^
  File "D:\Projects\dsproject\src\datascience\pipeline\model_evaluation_pipline.py", line 15, in initiate_model_evaluation
    model_evaluation.log_into_mlflow()
    ~~~~~~~~~~~~~~~~~~~~~~~~~~~~~~~~^^
  File "D:\Projects\dsproject\src\datascience\components\model_evaluation.py", line 69, in log_into_mlflow
    mlflow.sklearn.log_model(model, "model", registered_model_name="ElasticnetModel")
    ~~~~~~~~~~~~~~~~~~~~~~~~^^^^^^^^^^^^^^^^^^^^^^^^^^^^^^^^^^^^^^^^^^^^^^^^^^^^^^^^^
  File "D:\Projects\dsproject\.venv\Lib\site-packages\mlflow\sklearn\__init__.py", line 426, in log_model
    return Model.log(
           ~~~~~~~~~^
        artifact_path=artifact_path,
        ^^^^^^^^^^^^^^^^^^^^^^^^^^^^
    ...<18 lines>...
        model_id=model_id,
        ^^^^^^^^^^^^^^^^^^
    )
    ^
  File "D:\Projects\dsproject\.venv\Lib\site-packages\mlflow\models\model.py", line 1170, in log
    model = _create_logged_model(
        # TODO: Update model name
    ...<7 lines>...
        flavor=flavor_name,
    )
  File "D:\Projects\dsproject\.venv\Lib\site-packages\mlflow\tracking\fluent.py", line 2323, in _create_logged_model
    return MlflowClient()._create_logged_model(
           ~~~~~~~~~~~~~~~~~~~~~~~~~~~~~~~~~~~^
        experiment_id=experiment_id,
        ^^^^^^^^^^^^^^^^^^^^^^^^^^^^
    ...<5 lines>...
        flavor=flavor,
        ^^^^^^^^^^^^^^
    )
    ^
  File "D:\Projects\dsproject\.venv\Lib\site-packages\mlflow\tracking\client.py", line 5492, in _create_logged_model
    return self._tracking_client.create_logged_model(
           ~~~~~~~~~~~~~~~~~~~~~~~~~~~~~~~~~~~~~~~~~^
        experiment_id, name, source_run_id, tags, params, model_type, flavor
        ^^^^^^^^^^^^^^^^^^^^^^^^^^^^^^^^^^^^^^^^^^^^^^^^^^^^^^^^^^^^^^^^^^^^
    )
    ^
  File "D:\Projects\dsproject\.venv\Lib\site-packages\mlflow\telemetry\track.py", line 30, in wrapper
    result = func(*args, **kwargs)
  File "D:\Projects\dsproject\.venv\Lib\site-packages\mlflow\tracking\_tracking_service\client.py", line 870, in create_logged_model
    return self.store.create_logged_model(
           ~~~~~~~~~~~~~~~~~~~~~~~~~~~~~~^
        experiment_id=experiment_id,
        ^^^^^^^^^^^^^^^^^^^^^^^^^^^^
    ...<8 lines>...
        model_type=model_type,
        ^^^^^^^^^^^^^^^^^^^^^^
    )
    ^
  File "D:\Projects\dsproject\.venv\Lib\site-packages\mlflow\store\tracking\rest_store.py", line 894, in create_logged_model
    response_proto = self._call_endpoint(CreateLoggedModel, req_body)
  File "D:\Projects\dsproject\.venv\Lib\site-packages\mlflow\store\tracking\rest_store.py", line 201, in _call_endpoint
    return call_endpoint(
        self.get_host_creds(),
    ...<4 lines>...
        retry_timeout_seconds=retry_timeout_seconds,
    )
  File "D:\Projects\dsproject\.venv\Lib\site-packages\mlflow\utils\rest_utils.py", line 592, in call_endpoint
    response = verify_rest_response(response, endpoint)
  File "D:\Projects\dsproject\.venv\Lib\site-packages\mlflow\utils\rest_utils.py", line 311, in verify_rest_response
    raise RestException(json.loads(response.text))
mlflow.exceptions.RestException: INTERNAL_ERROR: Response: {'error': 'unsupported endpoint, please contact support@dagshub.com'}
[2025-11-04 10:44:01,318: INFO: main]: Datascience package initialized.
[2025-11-04 10:44:02,375: INFO: main]: >>>>>> Stage Data Ingestion Stage started <<<<<<
[2025-11-04 10:44:02,377: INFO: common]: YAML file: config\config.yaml loaded successfully
[2025-11-04 10:44:02,378: INFO: common]: YAML file: params.yaml loaded successfully
[2025-11-04 10:44:02,379: INFO: common]: YAML file: schema.yaml loaded successfully
[2025-11-04 10:44:02,379: INFO: common]: created directory at: artifacts
[2025-11-04 10:44:02,379: INFO: common]: created directory at: artifacts/data_ingestion
[2025-11-04 10:44:02,381: INFO: data_ingestion]: Extracted zip file artifacts/data_ingestion/data.zip to artifacts/data_ingestion
[2025-11-04 10:44:02,381: INFO: main]: >>>>>> Stage Data Ingestion Stage completed <<<<<<


[2025-11-04 10:44:02,382: INFO: main]: >>>>>> Stage Data Validation Stage started <<<<<<
[2025-11-04 10:44:02,383: INFO: common]: YAML file: config\config.yaml loaded successfully
[2025-11-04 10:44:02,384: INFO: common]: YAML file: params.yaml loaded successfully
[2025-11-04 10:44:02,385: INFO: common]: YAML file: schema.yaml loaded successfully
[2025-11-04 10:44:02,386: INFO: common]: created directory at: artifacts
[2025-11-04 10:44:02,386: INFO: common]: created directory at: artifacts/data_validation
[2025-11-04 10:44:02,399: INFO: data_validation]: CSV Columns: ['fixed acidity', 'volatile acidity', 'citric acid', 'residual sugar', 'chlorides', 'free sulfur dioxide', 'total sulfur dioxide', 'density', 'pH', 'sulphates', 'alcohol', 'quality']
[2025-11-04 10:44:02,399: INFO: data_validation]: Schema Columns: ['fixed acidity', 'volatile acidity', 'citric acid', 'residual sugar', 'chlorides', 'free sulfur dioxide', 'total sulfur dioxide', 'density', 'pH', 'sulphates', 'alcohol', 'quality']
[2025-11-04 10:44:02,399: INFO: data_validation]: Column 'fixed acidity' found in schema
[2025-11-04 10:44:02,400: INFO: data_validation]: Column 'volatile acidity' found in schema
[2025-11-04 10:44:02,400: INFO: data_validation]: Column 'citric acid' found in schema
[2025-11-04 10:44:02,400: INFO: data_validation]: Column 'residual sugar' found in schema
[2025-11-04 10:44:02,400: INFO: data_validation]: Column 'chlorides' found in schema
[2025-11-04 10:44:02,400: INFO: data_validation]: Column 'free sulfur dioxide' found in schema
[2025-11-04 10:44:02,400: INFO: data_validation]: Column 'total sulfur dioxide' found in schema
[2025-11-04 10:44:02,400: INFO: data_validation]: Column 'density' found in schema
[2025-11-04 10:44:02,400: INFO: data_validation]: Column 'pH' found in schema
[2025-11-04 10:44:02,400: INFO: data_validation]: Column 'sulphates' found in schema
[2025-11-04 10:44:02,400: INFO: data_validation]: Column 'alcohol' found in schema
[2025-11-04 10:44:02,400: INFO: data_validation]: Column 'quality' found in schema
[2025-11-04 10:44:02,401: INFO: data_validation]: Final validation status: True
[2025-11-04 10:44:02,401: INFO: data_validation_pipline]: Data validation status: True
[2025-11-04 10:44:02,401: INFO: main]: >>>>>> Stage Data Validation Stage completed <<<<<<


[2025-11-04 10:44:02,401: INFO: main]: >>>>>> Stage Data Transformation Stage started <<<<<<
[2025-11-04 10:44:02,412: INFO: common]: YAML file: config\config.yaml loaded successfully
[2025-11-04 10:44:02,412: INFO: common]: YAML file: params.yaml loaded successfully
[2025-11-04 10:44:02,413: INFO: common]: YAML file: schema.yaml loaded successfully
[2025-11-04 10:44:02,414: INFO: common]: created directory at: artifacts
[2025-11-04 10:44:02,414: INFO: common]: created directory at: artifacts/data_transformation
[2025-11-04 10:44:02,428: INFO: data_transformation]: Splited data into training and test sets
[2025-11-04 10:44:02,428: INFO: data_transformation]: (1199, 12)
[2025-11-04 10:44:02,428: INFO: data_transformation]: (400, 12)
[2025-11-04 10:44:02,429: INFO: main]: >>>>>> Stage Data Transformation Stage completed <<<<<<


[2025-11-04 10:44:02,429: INFO: main]: >>>>>> Stage Model Training Stage started <<<<<<
[2025-11-04 10:44:02,430: INFO: common]: YAML file: config\config.yaml loaded successfully
[2025-11-04 10:44:02,431: INFO: common]: YAML file: params.yaml loaded successfully
[2025-11-04 10:44:02,432: INFO: common]: YAML file: schema.yaml loaded successfully
[2025-11-04 10:44:02,433: INFO: common]: created directory at: artifacts
[2025-11-04 10:44:02,433: INFO: common]: created directory at: artifacts/model_trainer
[2025-11-04 10:44:02,460: INFO: main]: >>>>>> Stage Model Training Stage completed <<<<<<


[2025-11-04 10:44:02,460: INFO: main]: >>>>>> Stage Model Evaluation Stage started <<<<<<
[2025-11-04 10:44:03,044: INFO: common]: YAML file: config\config.yaml loaded successfully
[2025-11-04 10:44:03,044: INFO: common]: YAML file: params.yaml loaded successfully
[2025-11-04 10:44:03,045: INFO: common]: YAML file: schema.yaml loaded successfully
[2025-11-04 10:44:03,046: INFO: common]: created directory at: artifacts
[2025-11-04 10:44:03,046: INFO: common]: created directory at: artifacts/model_evaluation
[2025-11-04 10:44:04,861: ERROR: main]: typing.Any cannot be used with isinstance()
Traceback (most recent call last):
  File "D:\Projects\dsproject\main.py", line 56, in <module>
    model_evaluation.initiate_model_evaluation()
    ~~~~~~~~~~~~~~~~~~~~~~~~~~~~~~~~~~~~~~~~~~^^
  File "D:\Projects\dsproject\src\datascience\pipeline\model_evaluation_pipline.py", line 15, in initiate_model_evaluation
    model_evaluation.log_into_mlflow()
    ~~~~~~~~~~~~~~~~~~~~~~~~~~~~~~~~^^
  File "D:\Projects\dsproject\src\datascience\components\model_evaluation.py", line 53, in log_into_mlflow
    save_json(path=Path(self.config.metric_file_name), data=scores)
    ~~~~~~~~~^^^^^^^^^^^^^^^^^^^^^^^^^^^^^^^^^^^^^^^^^^^^^^^^^^^^^^
  File "D:\Projects\dsproject\.venv\Lib\site-packages\ensure\main.py", line 868, in __call__
    if not isinstance(value, templ):
           ~~~~~~~~~~^^^^^^^^^^^^^^
  File "C:\Users\amirhrst\AppData\Roaming\uv\python\cpython-3.13.4-windows-x86_64-none\Lib\typing.py", line 589, in __instancecheck__
    raise TypeError("typing.Any cannot be used with isinstance()")
TypeError: typing.Any cannot be used with isinstance()
[2025-11-04 10:46:23,036: INFO: main]: Datascience package initialized.
[2025-11-04 10:46:24,078: INFO: main]: >>>>>> Stage Data Ingestion Stage started <<<<<<
[2025-11-04 10:46:24,080: INFO: common]: YAML file: config\config.yaml loaded successfully
[2025-11-04 10:46:24,080: INFO: common]: YAML file: params.yaml loaded successfully
[2025-11-04 10:46:24,081: INFO: common]: YAML file: schema.yaml loaded successfully
[2025-11-04 10:46:24,082: INFO: common]: created directory at: artifacts
[2025-11-04 10:46:24,082: INFO: common]: created directory at: artifacts/data_ingestion
[2025-11-04 10:46:24,084: INFO: data_ingestion]: Extracted zip file artifacts/data_ingestion/data.zip to artifacts/data_ingestion
[2025-11-04 10:46:24,084: INFO: main]: >>>>>> Stage Data Ingestion Stage completed <<<<<<


[2025-11-04 10:46:24,084: INFO: main]: >>>>>> Stage Data Validation Stage started <<<<<<
[2025-11-04 10:46:24,087: INFO: common]: YAML file: config\config.yaml loaded successfully
[2025-11-04 10:46:24,087: INFO: common]: YAML file: params.yaml loaded successfully
[2025-11-04 10:46:24,088: INFO: common]: YAML file: schema.yaml loaded successfully
[2025-11-04 10:46:24,089: INFO: common]: created directory at: artifacts
[2025-11-04 10:46:24,089: INFO: common]: created directory at: artifacts/data_validation
[2025-11-04 10:46:24,102: INFO: data_validation]: CSV Columns: ['fixed acidity', 'volatile acidity', 'citric acid', 'residual sugar', 'chlorides', 'free sulfur dioxide', 'total sulfur dioxide', 'density', 'pH', 'sulphates', 'alcohol', 'quality']
[2025-11-04 10:46:24,103: INFO: data_validation]: Schema Columns: ['fixed acidity', 'volatile acidity', 'citric acid', 'residual sugar', 'chlorides', 'free sulfur dioxide', 'total sulfur dioxide', 'density', 'pH', 'sulphates', 'alcohol', 'quality']
[2025-11-04 10:46:24,103: INFO: data_validation]: Column 'fixed acidity' found in schema
[2025-11-04 10:46:24,103: INFO: data_validation]: Column 'volatile acidity' found in schema
[2025-11-04 10:46:24,103: INFO: data_validation]: Column 'citric acid' found in schema
[2025-11-04 10:46:24,103: INFO: data_validation]: Column 'residual sugar' found in schema
[2025-11-04 10:46:24,103: INFO: data_validation]: Column 'chlorides' found in schema
[2025-11-04 10:46:24,103: INFO: data_validation]: Column 'free sulfur dioxide' found in schema
[2025-11-04 10:46:24,103: INFO: data_validation]: Column 'total sulfur dioxide' found in schema
[2025-11-04 10:46:24,103: INFO: data_validation]: Column 'density' found in schema
[2025-11-04 10:46:24,103: INFO: data_validation]: Column 'pH' found in schema
[2025-11-04 10:46:24,103: INFO: data_validation]: Column 'sulphates' found in schema
[2025-11-04 10:46:24,103: INFO: data_validation]: Column 'alcohol' found in schema
[2025-11-04 10:46:24,104: INFO: data_validation]: Column 'quality' found in schema
[2025-11-04 10:46:24,104: INFO: data_validation]: Final validation status: True
[2025-11-04 10:46:24,104: INFO: data_validation_pipline]: Data validation status: True
[2025-11-04 10:46:24,104: INFO: main]: >>>>>> Stage Data Validation Stage completed <<<<<<


[2025-11-04 10:46:24,104: INFO: main]: >>>>>> Stage Data Transformation Stage started <<<<<<
[2025-11-04 10:46:24,107: INFO: common]: YAML file: config\config.yaml loaded successfully
[2025-11-04 10:46:24,107: INFO: common]: YAML file: params.yaml loaded successfully
[2025-11-04 10:46:24,108: INFO: common]: YAML file: schema.yaml loaded successfully
[2025-11-04 10:46:24,109: INFO: common]: created directory at: artifacts
[2025-11-04 10:46:24,109: INFO: common]: created directory at: artifacts/data_transformation
[2025-11-04 10:46:24,123: INFO: data_transformation]: Splited data into training and test sets
[2025-11-04 10:46:24,123: INFO: data_transformation]: (1199, 12)
[2025-11-04 10:46:24,124: INFO: data_transformation]: (400, 12)
[2025-11-04 10:46:24,124: INFO: main]: >>>>>> Stage Data Transformation Stage completed <<<<<<


[2025-11-04 10:46:24,124: INFO: main]: >>>>>> Stage Model Training Stage started <<<<<<
[2025-11-04 10:46:24,126: INFO: common]: YAML file: config\config.yaml loaded successfully
[2025-11-04 10:46:24,127: INFO: common]: YAML file: params.yaml loaded successfully
[2025-11-04 10:46:24,128: INFO: common]: YAML file: schema.yaml loaded successfully
[2025-11-04 10:46:24,128: INFO: common]: created directory at: artifacts
[2025-11-04 10:46:24,128: INFO: common]: created directory at: artifacts/model_trainer
[2025-11-04 10:46:24,155: INFO: main]: >>>>>> Stage Model Training Stage completed <<<<<<


[2025-11-04 10:46:24,155: INFO: main]: >>>>>> Stage Model Evaluation Stage started <<<<<<
[2025-11-04 10:46:24,624: ERROR: main]: No module named 'annotated_types'
Traceback (most recent call last):
  File "D:\Projects\dsproject\main.py", line 54, in <module>
    from src.datascience.pipeline.model_evaluation_pipline import ModelEvaluationTrainingPipeline
  File "D:\Projects\dsproject\src\datascience\pipeline\model_evaluation_pipline.py", line 2, in <module>
    from src.datascience.components.model_evaluation import ModelEvaluation
  File "D:\Projects\dsproject\src\datascience\components\model_evaluation.py", line 5, in <module>
    import mlflow
  File "D:\Projects\dsproject\.venv\Lib\site-packages\mlflow\__init__.py", line 44, in <module>
    from mlflow import (
    ...<9 lines>...
    )
  File "D:\Projects\dsproject\.venv\Lib\site-packages\mlflow\genai\__init__.py", line 1, in <module>
    from mlflow.genai import (
    ...<3 lines>...
    )
  File "D:\Projects\dsproject\.venv\Lib\site-packages\mlflow\genai\judges\__init__.py", line 2, in <module>
    from mlflow.genai.judges import utils  # noqa: F401
    ^^^^^^^^^^^^^^^^^^^^^^^^^^^^^^^^^^^^^
  File "D:\Projects\dsproject\.venv\Lib\site-packages\mlflow\genai\judges\utils.py", line 415, in <module>
    class FieldExtraction(pydantic.BaseModel):
    ...<3 lines>...
        outputs: str = pydantic.Field(description="The system's final response")
  File "D:\Projects\dsproject\.venv\Lib\site-packages\mlflow\genai\judges\utils.py", line 418, in FieldExtraction
    inputs: str = pydantic.Field(description="The user's original request or question")
                  ^^^^^^^^^^^^^^
  File "D:\Projects\dsproject\.venv\Lib\site-packages\pydantic\__init__.py", line 446, in __getattr__
    module = import_module(module_name, package=package)
  File "C:\Users\amirhrst\AppData\Roaming\uv\python\cpython-3.13.4-windows-x86_64-none\Lib\importlib\__init__.py", line 88, in import_module
    return _bootstrap._gcd_import(name[level:], package, level)
           ~~~~~~~~~~~~~~~~~~~~~~^^^^^^^^^^^^^^^^^^^^^^^^^^^^^^
  File "D:\Projects\dsproject\.venv\Lib\site-packages\pydantic\fields.py", line 16, in <module>
    import annotated_types
ModuleNotFoundError: No module named 'annotated_types'
[2025-11-04 10:47:02,468: INFO: main]: Datascience package initialized.
[2025-11-04 10:47:03,464: INFO: main]: >>>>>> Stage Data Ingestion Stage started <<<<<<
[2025-11-04 10:47:03,466: INFO: common]: YAML file: config\config.yaml loaded successfully
[2025-11-04 10:47:03,467: INFO: common]: YAML file: params.yaml loaded successfully
[2025-11-04 10:47:03,468: INFO: common]: YAML file: schema.yaml loaded successfully
[2025-11-04 10:47:03,468: INFO: common]: created directory at: artifacts
[2025-11-04 10:47:03,469: INFO: common]: created directory at: artifacts/data_ingestion
[2025-11-04 10:47:03,470: INFO: data_ingestion]: Extracted zip file artifacts/data_ingestion/data.zip to artifacts/data_ingestion
[2025-11-04 10:47:03,471: INFO: main]: >>>>>> Stage Data Ingestion Stage completed <<<<<<


[2025-11-04 10:47:03,471: INFO: main]: >>>>>> Stage Data Validation Stage started <<<<<<
[2025-11-04 10:47:03,473: INFO: common]: YAML file: config\config.yaml loaded successfully
[2025-11-04 10:47:03,474: INFO: common]: YAML file: params.yaml loaded successfully
[2025-11-04 10:47:03,475: INFO: common]: YAML file: schema.yaml loaded successfully
[2025-11-04 10:47:03,475: INFO: common]: created directory at: artifacts
[2025-11-04 10:47:03,476: INFO: common]: created directory at: artifacts/data_validation
[2025-11-04 10:47:03,490: INFO: data_validation]: CSV Columns: ['fixed acidity', 'volatile acidity', 'citric acid', 'residual sugar', 'chlorides', 'free sulfur dioxide', 'total sulfur dioxide', 'density', 'pH', 'sulphates', 'alcohol', 'quality']
[2025-11-04 10:47:03,490: INFO: data_validation]: Schema Columns: ['fixed acidity', 'volatile acidity', 'citric acid', 'residual sugar', 'chlorides', 'free sulfur dioxide', 'total sulfur dioxide', 'density', 'pH', 'sulphates', 'alcohol', 'quality']
[2025-11-04 10:47:03,490: INFO: data_validation]: Column 'fixed acidity' found in schema
[2025-11-04 10:47:03,490: INFO: data_validation]: Column 'volatile acidity' found in schema
[2025-11-04 10:47:03,491: INFO: data_validation]: Column 'citric acid' found in schema
[2025-11-04 10:47:03,491: INFO: data_validation]: Column 'residual sugar' found in schema
[2025-11-04 10:47:03,491: INFO: data_validation]: Column 'chlorides' found in schema
[2025-11-04 10:47:03,491: INFO: data_validation]: Column 'free sulfur dioxide' found in schema
[2025-11-04 10:47:03,491: INFO: data_validation]: Column 'total sulfur dioxide' found in schema
[2025-11-04 10:47:03,491: INFO: data_validation]: Column 'density' found in schema
[2025-11-04 10:47:03,492: INFO: data_validation]: Column 'pH' found in schema
[2025-11-04 10:47:03,492: INFO: data_validation]: Column 'sulphates' found in schema
[2025-11-04 10:47:03,492: INFO: data_validation]: Column 'alcohol' found in schema
[2025-11-04 10:47:03,492: INFO: data_validation]: Column 'quality' found in schema
[2025-11-04 10:47:03,492: INFO: data_validation]: Final validation status: True
[2025-11-04 10:47:03,492: INFO: data_validation_pipline]: Data validation status: True
[2025-11-04 10:47:03,493: INFO: main]: >>>>>> Stage Data Validation Stage completed <<<<<<


[2025-11-04 10:47:03,493: INFO: main]: >>>>>> Stage Data Transformation Stage started <<<<<<
[2025-11-04 10:47:03,496: INFO: common]: YAML file: config\config.yaml loaded successfully
[2025-11-04 10:47:03,496: INFO: common]: YAML file: params.yaml loaded successfully
[2025-11-04 10:47:03,497: INFO: common]: YAML file: schema.yaml loaded successfully
[2025-11-04 10:47:03,497: INFO: common]: created directory at: artifacts
[2025-11-04 10:47:03,498: INFO: common]: created directory at: artifacts/data_transformation
[2025-11-04 10:47:03,513: INFO: data_transformation]: Splited data into training and test sets
[2025-11-04 10:47:03,513: INFO: data_transformation]: (1199, 12)
[2025-11-04 10:47:03,513: INFO: data_transformation]: (400, 12)
[2025-11-04 10:47:03,513: INFO: main]: >>>>>> Stage Data Transformation Stage completed <<<<<<


[2025-11-04 10:47:03,514: INFO: main]: >>>>>> Stage Model Training Stage started <<<<<<
[2025-11-04 10:47:03,515: INFO: common]: YAML file: config\config.yaml loaded successfully
[2025-11-04 10:47:03,516: INFO: common]: YAML file: params.yaml loaded successfully
[2025-11-04 10:47:03,517: INFO: common]: YAML file: schema.yaml loaded successfully
[2025-11-04 10:47:03,517: INFO: common]: created directory at: artifacts
[2025-11-04 10:47:03,517: INFO: common]: created directory at: artifacts/model_trainer
[2025-11-04 10:47:03,551: INFO: main]: >>>>>> Stage Model Training Stage completed <<<<<<


[2025-11-04 10:47:03,551: INFO: main]: >>>>>> Stage Model Evaluation Stage started <<<<<<
[2025-11-04 10:47:04,172: INFO: common]: YAML file: config\config.yaml loaded successfully
[2025-11-04 10:47:04,173: INFO: common]: YAML file: params.yaml loaded successfully
[2025-11-04 10:47:04,174: INFO: common]: YAML file: schema.yaml loaded successfully
[2025-11-04 10:47:04,175: INFO: common]: created directory at: artifacts
[2025-11-04 10:47:04,175: INFO: common]: created directory at: artifacts/model_evaluation
[2025-11-04 10:47:05,342: INFO: common]: Data successfully saved to JSON file: artifacts\model_evaluation\metrics.json
[2025-11-04 10:47:07,685: ERROR: main]: INTERNAL_ERROR: Response: {'error': 'unsupported endpoint, please contact support@dagshub.com'}
Traceback (most recent call last):
  File "D:\Projects\dsproject\main.py", line 56, in <module>
    model_evaluation.initiate_model_evaluation()
    ~~~~~~~~~~~~~~~~~~~~~~~~~~~~~~~~~~~~~~~~~~^^
  File "D:\Projects\dsproject\src\datascience\pipeline\model_evaluation_pipline.py", line 15, in initiate_model_evaluation
    model_evaluation.log_into_mlflow()
    ~~~~~~~~~~~~~~~~~~~~~~~~~~~~~~~~^^
  File "D:\Projects\dsproject\src\datascience\components\model_evaluation.py", line 69, in log_into_mlflow
    mlflow.sklearn.log_model(model, "model", registered_model_name="ElasticnetModel")
    ~~~~~~~~~~~~~~~~~~~~~~~~^^^^^^^^^^^^^^^^^^^^^^^^^^^^^^^^^^^^^^^^^^^^^^^^^^^^^^^^^
  File "D:\Projects\dsproject\.venv\Lib\site-packages\mlflow\sklearn\__init__.py", line 426, in log_model
    return Model.log(
           ~~~~~~~~~^
        artifact_path=artifact_path,
        ^^^^^^^^^^^^^^^^^^^^^^^^^^^^
    ...<18 lines>...
        model_id=model_id,
        ^^^^^^^^^^^^^^^^^^
    )
    ^
  File "D:\Projects\dsproject\.venv\Lib\site-packages\mlflow\models\model.py", line 1170, in log
    model = _create_logged_model(
        # TODO: Update model name
    ...<7 lines>...
        flavor=flavor_name,
    )
  File "D:\Projects\dsproject\.venv\Lib\site-packages\mlflow\tracking\fluent.py", line 2323, in _create_logged_model
    return MlflowClient()._create_logged_model(
           ~~~~~~~~~~~~~~~~~~~~~~~~~~~~~~~~~~~^
        experiment_id=experiment_id,
        ^^^^^^^^^^^^^^^^^^^^^^^^^^^^
    ...<5 lines>...
        flavor=flavor,
        ^^^^^^^^^^^^^^
    )
    ^
  File "D:\Projects\dsproject\.venv\Lib\site-packages\mlflow\tracking\client.py", line 5492, in _create_logged_model
    return self._tracking_client.create_logged_model(
           ~~~~~~~~~~~~~~~~~~~~~~~~~~~~~~~~~~~~~~~~~^
        experiment_id, name, source_run_id, tags, params, model_type, flavor
        ^^^^^^^^^^^^^^^^^^^^^^^^^^^^^^^^^^^^^^^^^^^^^^^^^^^^^^^^^^^^^^^^^^^^
    )
    ^
  File "D:\Projects\dsproject\.venv\Lib\site-packages\mlflow\telemetry\track.py", line 30, in wrapper
    result = func(*args, **kwargs)
  File "D:\Projects\dsproject\.venv\Lib\site-packages\mlflow\tracking\_tracking_service\client.py", line 870, in create_logged_model
    return self.store.create_logged_model(
           ~~~~~~~~~~~~~~~~~~~~~~~~~~~~~~^
        experiment_id=experiment_id,
        ^^^^^^^^^^^^^^^^^^^^^^^^^^^^
    ...<8 lines>...
        model_type=model_type,
        ^^^^^^^^^^^^^^^^^^^^^^
    )
    ^
  File "D:\Projects\dsproject\.venv\Lib\site-packages\mlflow\store\tracking\rest_store.py", line 894, in create_logged_model
    response_proto = self._call_endpoint(CreateLoggedModel, req_body)
  File "D:\Projects\dsproject\.venv\Lib\site-packages\mlflow\store\tracking\rest_store.py", line 201, in _call_endpoint
    return call_endpoint(
        self.get_host_creds(),
    ...<4 lines>...
        retry_timeout_seconds=retry_timeout_seconds,
    )
  File "D:\Projects\dsproject\.venv\Lib\site-packages\mlflow\utils\rest_utils.py", line 592, in call_endpoint
    response = verify_rest_response(response, endpoint)
  File "D:\Projects\dsproject\.venv\Lib\site-packages\mlflow\utils\rest_utils.py", line 311, in verify_rest_response
    raise RestException(json.loads(response.text))
mlflow.exceptions.RestException: INTERNAL_ERROR: Response: {'error': 'unsupported endpoint, please contact support@dagshub.com'}
[2025-11-04 10:47:39,808: INFO: main]: Datascience package initialized.
[2025-11-04 10:47:40,804: INFO: main]: >>>>>> Stage Data Ingestion Stage started <<<<<<
[2025-11-04 10:47:40,806: INFO: common]: YAML file: config\config.yaml loaded successfully
[2025-11-04 10:47:40,806: INFO: common]: YAML file: params.yaml loaded successfully
[2025-11-04 10:47:40,807: INFO: common]: YAML file: schema.yaml loaded successfully
[2025-11-04 10:47:40,808: INFO: common]: created directory at: artifacts
[2025-11-04 10:47:40,808: INFO: common]: created directory at: artifacts/data_ingestion
[2025-11-04 10:47:40,810: INFO: data_ingestion]: Extracted zip file artifacts/data_ingestion/data.zip to artifacts/data_ingestion
[2025-11-04 10:47:40,810: INFO: main]: >>>>>> Stage Data Ingestion Stage completed <<<<<<


[2025-11-04 10:47:40,810: INFO: main]: >>>>>> Stage Data Validation Stage started <<<<<<
[2025-11-04 10:47:40,812: INFO: common]: YAML file: config\config.yaml loaded successfully
[2025-11-04 10:47:40,812: INFO: common]: YAML file: params.yaml loaded successfully
[2025-11-04 10:47:40,813: INFO: common]: YAML file: schema.yaml loaded successfully
[2025-11-04 10:47:40,814: INFO: common]: created directory at: artifacts
[2025-11-04 10:47:40,814: INFO: common]: created directory at: artifacts/data_validation
[2025-11-04 10:47:40,828: INFO: data_validation]: CSV Columns: ['fixed acidity', 'volatile acidity', 'citric acid', 'residual sugar', 'chlorides', 'free sulfur dioxide', 'total sulfur dioxide', 'density', 'pH', 'sulphates', 'alcohol', 'quality']
[2025-11-04 10:47:40,829: INFO: data_validation]: Schema Columns: ['fixed acidity', 'volatile acidity', 'citric acid', 'residual sugar', 'chlorides', 'free sulfur dioxide', 'total sulfur dioxide', 'density', 'pH', 'sulphates', 'alcohol', 'quality']
[2025-11-04 10:47:40,829: INFO: data_validation]: Column 'fixed acidity' found in schema
[2025-11-04 10:47:40,829: INFO: data_validation]: Column 'volatile acidity' found in schema
[2025-11-04 10:47:40,829: INFO: data_validation]: Column 'citric acid' found in schema
[2025-11-04 10:47:40,829: INFO: data_validation]: Column 'residual sugar' found in schema
[2025-11-04 10:47:40,829: INFO: data_validation]: Column 'chlorides' found in schema
[2025-11-04 10:47:40,829: INFO: data_validation]: Column 'free sulfur dioxide' found in schema
[2025-11-04 10:47:40,830: INFO: data_validation]: Column 'total sulfur dioxide' found in schema
[2025-11-04 10:47:40,830: INFO: data_validation]: Column 'density' found in schema
[2025-11-04 10:47:40,830: INFO: data_validation]: Column 'pH' found in schema
[2025-11-04 10:47:40,830: INFO: data_validation]: Column 'sulphates' found in schema
[2025-11-04 10:47:40,830: INFO: data_validation]: Column 'alcohol' found in schema
[2025-11-04 10:47:40,830: INFO: data_validation]: Column 'quality' found in schema
[2025-11-04 10:47:40,830: INFO: data_validation]: Final validation status: True
[2025-11-04 10:47:40,830: INFO: data_validation_pipline]: Data validation status: True
[2025-11-04 10:47:40,831: INFO: main]: >>>>>> Stage Data Validation Stage completed <<<<<<


[2025-11-04 10:47:40,831: INFO: main]: >>>>>> Stage Data Transformation Stage started <<<<<<
[2025-11-04 10:47:40,833: INFO: common]: YAML file: config\config.yaml loaded successfully
[2025-11-04 10:47:40,834: INFO: common]: YAML file: params.yaml loaded successfully
[2025-11-04 10:47:40,835: INFO: common]: YAML file: schema.yaml loaded successfully
[2025-11-04 10:47:40,835: INFO: common]: created directory at: artifacts
[2025-11-04 10:47:40,835: INFO: common]: created directory at: artifacts/data_transformation
[2025-11-04 10:47:40,853: INFO: data_transformation]: Splited data into training and test sets
[2025-11-04 10:47:40,853: INFO: data_transformation]: (1199, 12)
[2025-11-04 10:47:40,853: INFO: data_transformation]: (400, 12)
[2025-11-04 10:47:40,853: INFO: main]: >>>>>> Stage Data Transformation Stage completed <<<<<<


[2025-11-04 10:47:40,853: INFO: main]: >>>>>> Stage Model Training Stage started <<<<<<
[2025-11-04 10:47:40,855: INFO: common]: YAML file: config\config.yaml loaded successfully
[2025-11-04 10:47:40,856: INFO: common]: YAML file: params.yaml loaded successfully
[2025-11-04 10:47:40,857: INFO: common]: YAML file: schema.yaml loaded successfully
[2025-11-04 10:47:40,857: INFO: common]: created directory at: artifacts
[2025-11-04 10:47:40,858: INFO: common]: created directory at: artifacts/model_trainer
[2025-11-04 10:47:40,883: INFO: main]: >>>>>> Stage Model Training Stage completed <<<<<<


[2025-11-04 10:47:40,883: INFO: main]: >>>>>> Stage Model Evaluation Stage started <<<<<<
[2025-11-04 10:47:41,465: INFO: common]: YAML file: config\config.yaml loaded successfully
[2025-11-04 10:47:41,466: INFO: common]: YAML file: params.yaml loaded successfully
[2025-11-04 10:47:41,467: INFO: common]: YAML file: schema.yaml loaded successfully
[2025-11-04 10:47:41,467: INFO: common]: created directory at: artifacts
[2025-11-04 10:47:41,467: INFO: common]: created directory at: artifacts/model_evaluation
[2025-11-04 10:47:42,593: INFO: common]: Data successfully saved to JSON file: artifacts\model_evaluation\metrics.json
[2025-11-04 10:47:44,988: ERROR: main]: INTERNAL_ERROR: Response: {'error': 'unsupported endpoint, please contact support@dagshub.com'}
Traceback (most recent call last):
  File "D:\Projects\dsproject\main.py", line 56, in <module>
    model_evaluation.initiate_model_evaluation()
    ~~~~~~~~~~~~~~~~~~~~~~~~~~~~~~~~~~~~~~~~~~^^
  File "D:\Projects\dsproject\src\datascience\pipeline\model_evaluation_pipline.py", line 15, in initiate_model_evaluation
    model_evaluation.log_into_mlflow()
    ~~~~~~~~~~~~~~~~~~~~~~~~~~~~~~~~^^
  File "D:\Projects\dsproject\src\datascience\components\model_evaluation.py", line 69, in log_into_mlflow
    mlflow.sklearn.log_model(model, "model", registered_model_name="ElasticnetModel")
    ~~~~~~~~~~~~~~~~~~~~~~~~^^^^^^^^^^^^^^^^^^^^^^^^^^^^^^^^^^^^^^^^^^^^^^^^^^^^^^^^^
  File "D:\Projects\dsproject\.venv\Lib\site-packages\mlflow\sklearn\__init__.py", line 426, in log_model
    return Model.log(
           ~~~~~~~~~^
        artifact_path=artifact_path,
        ^^^^^^^^^^^^^^^^^^^^^^^^^^^^
    ...<18 lines>...
        model_id=model_id,
        ^^^^^^^^^^^^^^^^^^
    )
    ^
  File "D:\Projects\dsproject\.venv\Lib\site-packages\mlflow\models\model.py", line 1170, in log
    model = _create_logged_model(
        # TODO: Update model name
    ...<7 lines>...
        flavor=flavor_name,
    )
  File "D:\Projects\dsproject\.venv\Lib\site-packages\mlflow\tracking\fluent.py", line 2323, in _create_logged_model
    return MlflowClient()._create_logged_model(
           ~~~~~~~~~~~~~~~~~~~~~~~~~~~~~~~~~~~^
        experiment_id=experiment_id,
        ^^^^^^^^^^^^^^^^^^^^^^^^^^^^
    ...<5 lines>...
        flavor=flavor,
        ^^^^^^^^^^^^^^
    )
    ^
  File "D:\Projects\dsproject\.venv\Lib\site-packages\mlflow\tracking\client.py", line 5492, in _create_logged_model
    return self._tracking_client.create_logged_model(
           ~~~~~~~~~~~~~~~~~~~~~~~~~~~~~~~~~~~~~~~~~^
        experiment_id, name, source_run_id, tags, params, model_type, flavor
        ^^^^^^^^^^^^^^^^^^^^^^^^^^^^^^^^^^^^^^^^^^^^^^^^^^^^^^^^^^^^^^^^^^^^
    )
    ^
  File "D:\Projects\dsproject\.venv\Lib\site-packages\mlflow\telemetry\track.py", line 30, in wrapper
    result = func(*args, **kwargs)
  File "D:\Projects\dsproject\.venv\Lib\site-packages\mlflow\tracking\_tracking_service\client.py", line 870, in create_logged_model
    return self.store.create_logged_model(
           ~~~~~~~~~~~~~~~~~~~~~~~~~~~~~~^
        experiment_id=experiment_id,
        ^^^^^^^^^^^^^^^^^^^^^^^^^^^^
    ...<8 lines>...
        model_type=model_type,
        ^^^^^^^^^^^^^^^^^^^^^^
    )
    ^
  File "D:\Projects\dsproject\.venv\Lib\site-packages\mlflow\store\tracking\rest_store.py", line 894, in create_logged_model
    response_proto = self._call_endpoint(CreateLoggedModel, req_body)
  File "D:\Projects\dsproject\.venv\Lib\site-packages\mlflow\store\tracking\rest_store.py", line 201, in _call_endpoint
    return call_endpoint(
        self.get_host_creds(),
    ...<4 lines>...
        retry_timeout_seconds=retry_timeout_seconds,
    )
  File "D:\Projects\dsproject\.venv\Lib\site-packages\mlflow\utils\rest_utils.py", line 592, in call_endpoint
    response = verify_rest_response(response, endpoint)
  File "D:\Projects\dsproject\.venv\Lib\site-packages\mlflow\utils\rest_utils.py", line 311, in verify_rest_response
    raise RestException(json.loads(response.text))
mlflow.exceptions.RestException: INTERNAL_ERROR: Response: {'error': 'unsupported endpoint, please contact support@dagshub.com'}
[2025-11-04 10:52:03,421: INFO: main]: Datascience package initialized.
[2025-11-04 10:52:04,481: INFO: main]: >>>>>> Stage Data Ingestion Stage started <<<<<<
[2025-11-04 10:52:04,483: INFO: common]: YAML file: config\config.yaml loaded successfully
[2025-11-04 10:52:04,483: INFO: common]: YAML file: params.yaml loaded successfully
[2025-11-04 10:52:04,484: INFO: common]: YAML file: schema.yaml loaded successfully
[2025-11-04 10:52:04,484: INFO: common]: created directory at: artifacts
[2025-11-04 10:52:04,485: INFO: common]: created directory at: artifacts/data_ingestion
[2025-11-04 10:52:04,486: INFO: data_ingestion]: Extracted zip file artifacts/data_ingestion/data.zip to artifacts/data_ingestion
[2025-11-04 10:52:04,486: INFO: main]: >>>>>> Stage Data Ingestion Stage completed <<<<<<


[2025-11-04 10:52:04,486: INFO: main]: >>>>>> Stage Data Validation Stage started <<<<<<
[2025-11-04 10:52:04,488: INFO: common]: YAML file: config\config.yaml loaded successfully
[2025-11-04 10:52:04,488: INFO: common]: YAML file: params.yaml loaded successfully
[2025-11-04 10:52:04,489: INFO: common]: YAML file: schema.yaml loaded successfully
[2025-11-04 10:52:04,490: INFO: common]: created directory at: artifacts
[2025-11-04 10:52:04,490: INFO: common]: created directory at: artifacts/data_validation
[2025-11-04 10:52:04,504: INFO: data_validation]: CSV Columns: ['fixed acidity', 'volatile acidity', 'citric acid', 'residual sugar', 'chlorides', 'free sulfur dioxide', 'total sulfur dioxide', 'density', 'pH', 'sulphates', 'alcohol', 'quality']
[2025-11-04 10:52:04,505: INFO: data_validation]: Schema Columns: ['fixed acidity', 'volatile acidity', 'citric acid', 'residual sugar', 'chlorides', 'free sulfur dioxide', 'total sulfur dioxide', 'density', 'pH', 'sulphates', 'alcohol', 'quality']
[2025-11-04 10:52:04,505: INFO: data_validation]: Column 'fixed acidity' found in schema
[2025-11-04 10:52:04,505: INFO: data_validation]: Column 'volatile acidity' found in schema
[2025-11-04 10:52:04,505: INFO: data_validation]: Column 'citric acid' found in schema
[2025-11-04 10:52:04,505: INFO: data_validation]: Column 'residual sugar' found in schema
[2025-11-04 10:52:04,505: INFO: data_validation]: Column 'chlorides' found in schema
[2025-11-04 10:52:04,505: INFO: data_validation]: Column 'free sulfur dioxide' found in schema
[2025-11-04 10:52:04,506: INFO: data_validation]: Column 'total sulfur dioxide' found in schema
[2025-11-04 10:52:04,506: INFO: data_validation]: Column 'density' found in schema
[2025-11-04 10:52:04,506: INFO: data_validation]: Column 'pH' found in schema
[2025-11-04 10:52:04,506: INFO: data_validation]: Column 'sulphates' found in schema
[2025-11-04 10:52:04,506: INFO: data_validation]: Column 'alcohol' found in schema
[2025-11-04 10:52:04,506: INFO: data_validation]: Column 'quality' found in schema
[2025-11-04 10:52:04,506: INFO: data_validation]: Final validation status: True
[2025-11-04 10:52:04,507: INFO: data_validation_pipline]: Data validation status: True
[2025-11-04 10:52:04,507: INFO: main]: >>>>>> Stage Data Validation Stage completed <<<<<<


[2025-11-04 10:52:04,507: INFO: main]: >>>>>> Stage Data Transformation Stage started <<<<<<
[2025-11-04 10:52:04,509: INFO: common]: YAML file: config\config.yaml loaded successfully
[2025-11-04 10:52:04,510: INFO: common]: YAML file: params.yaml loaded successfully
[2025-11-04 10:52:04,511: INFO: common]: YAML file: schema.yaml loaded successfully
[2025-11-04 10:52:04,511: INFO: common]: created directory at: artifacts
[2025-11-04 10:52:04,512: INFO: common]: created directory at: artifacts/data_transformation
[2025-11-04 10:52:04,527: INFO: data_transformation]: Splited data into training and test sets
[2025-11-04 10:52:04,527: INFO: data_transformation]: (1199, 12)
[2025-11-04 10:52:04,527: INFO: data_transformation]: (400, 12)
[2025-11-04 10:52:04,527: INFO: main]: >>>>>> Stage Data Transformation Stage completed <<<<<<


[2025-11-04 10:52:04,528: INFO: main]: >>>>>> Stage Model Training Stage started <<<<<<
[2025-11-04 10:52:04,529: INFO: common]: YAML file: config\config.yaml loaded successfully
[2025-11-04 10:52:04,530: INFO: common]: YAML file: params.yaml loaded successfully
[2025-11-04 10:52:04,531: INFO: common]: YAML file: schema.yaml loaded successfully
[2025-11-04 10:52:04,531: INFO: common]: created directory at: artifacts
[2025-11-04 10:52:04,532: INFO: common]: created directory at: artifacts/model_trainer
[2025-11-04 10:52:04,564: INFO: main]: >>>>>> Stage Model Training Stage completed <<<<<<


[2025-11-04 10:52:04,564: INFO: main]: >>>>>> Stage Model Evaluation Stage started <<<<<<
[2025-11-04 10:52:05,167: INFO: common]: YAML file: config\config.yaml loaded successfully
[2025-11-04 10:52:05,168: INFO: common]: YAML file: params.yaml loaded successfully
[2025-11-04 10:52:05,169: INFO: common]: YAML file: schema.yaml loaded successfully
[2025-11-04 10:52:05,169: INFO: common]: created directory at: artifacts
[2025-11-04 10:52:05,170: INFO: common]: created directory at: artifacts/model_evaluation
[2025-11-04 10:52:06,275: INFO: common]: Data successfully saved to JSON file: artifacts\model_evaluation\metrics.json
[2025-11-04 10:52:08,669: ERROR: main]: INTERNAL_ERROR: Response: {'error': 'unsupported endpoint, please contact support@dagshub.com'}
Traceback (most recent call last):
  File "D:\Projects\dsproject\main.py", line 56, in <module>
    model_evaluation.initiate_model_evaluation()
    ~~~~~~~~~~~~~~~~~~~~~~~~~~~~~~~~~~~~~~~~~~^^
  File "D:\Projects\dsproject\src\datascience\pipeline\model_evaluation_pipline.py", line 15, in initiate_model_evaluation
    model_evaluation.log_into_mlflow()
    ~~~~~~~~~~~~~~~~~~~~~~~~~~~~~~~~^^
  File "D:\Projects\dsproject\src\datascience\components\model_evaluation.py", line 66, in log_into_mlflow
    mlflow.sklearn.log_model(model, "model")
    ~~~~~~~~~~~~~~~~~~~~~~~~^^^^^^^^^^^^^^^^
  File "D:\Projects\dsproject\.venv\Lib\site-packages\mlflow\sklearn\__init__.py", line 426, in log_model
    return Model.log(
           ~~~~~~~~~^
        artifact_path=artifact_path,
        ^^^^^^^^^^^^^^^^^^^^^^^^^^^^
    ...<18 lines>...
        model_id=model_id,
        ^^^^^^^^^^^^^^^^^^
    )
    ^
  File "D:\Projects\dsproject\.venv\Lib\site-packages\mlflow\models\model.py", line 1170, in log
    model = _create_logged_model(
        # TODO: Update model name
    ...<7 lines>...
        flavor=flavor_name,
    )
  File "D:\Projects\dsproject\.venv\Lib\site-packages\mlflow\tracking\fluent.py", line 2323, in _create_logged_model
    return MlflowClient()._create_logged_model(
           ~~~~~~~~~~~~~~~~~~~~~~~~~~~~~~~~~~~^
        experiment_id=experiment_id,
        ^^^^^^^^^^^^^^^^^^^^^^^^^^^^
    ...<5 lines>...
        flavor=flavor,
        ^^^^^^^^^^^^^^
    )
    ^
  File "D:\Projects\dsproject\.venv\Lib\site-packages\mlflow\tracking\client.py", line 5492, in _create_logged_model
    return self._tracking_client.create_logged_model(
           ~~~~~~~~~~~~~~~~~~~~~~~~~~~~~~~~~~~~~~~~~^
        experiment_id, name, source_run_id, tags, params, model_type, flavor
        ^^^^^^^^^^^^^^^^^^^^^^^^^^^^^^^^^^^^^^^^^^^^^^^^^^^^^^^^^^^^^^^^^^^^
    )
    ^
  File "D:\Projects\dsproject\.venv\Lib\site-packages\mlflow\telemetry\track.py", line 30, in wrapper
    result = func(*args, **kwargs)
  File "D:\Projects\dsproject\.venv\Lib\site-packages\mlflow\tracking\_tracking_service\client.py", line 870, in create_logged_model
    return self.store.create_logged_model(
           ~~~~~~~~~~~~~~~~~~~~~~~~~~~~~~^
        experiment_id=experiment_id,
        ^^^^^^^^^^^^^^^^^^^^^^^^^^^^
    ...<8 lines>...
        model_type=model_type,
        ^^^^^^^^^^^^^^^^^^^^^^
    )
    ^
  File "D:\Projects\dsproject\.venv\Lib\site-packages\mlflow\store\tracking\rest_store.py", line 894, in create_logged_model
    response_proto = self._call_endpoint(CreateLoggedModel, req_body)
  File "D:\Projects\dsproject\.venv\Lib\site-packages\mlflow\store\tracking\rest_store.py", line 201, in _call_endpoint
    return call_endpoint(
        self.get_host_creds(),
    ...<4 lines>...
        retry_timeout_seconds=retry_timeout_seconds,
    )
  File "D:\Projects\dsproject\.venv\Lib\site-packages\mlflow\utils\rest_utils.py", line 592, in call_endpoint
    response = verify_rest_response(response, endpoint)
  File "D:\Projects\dsproject\.venv\Lib\site-packages\mlflow\utils\rest_utils.py", line 311, in verify_rest_response
    raise RestException(json.loads(response.text))
mlflow.exceptions.RestException: INTERNAL_ERROR: Response: {'error': 'unsupported endpoint, please contact support@dagshub.com'}
[2025-11-04 10:52:22,617: INFO: main]: Datascience package initialized.
[2025-11-04 10:52:23,630: INFO: main]: >>>>>> Stage Data Ingestion Stage started <<<<<<
[2025-11-04 10:52:23,632: INFO: common]: YAML file: config\config.yaml loaded successfully
[2025-11-04 10:52:23,633: INFO: common]: YAML file: params.yaml loaded successfully
[2025-11-04 10:52:23,634: INFO: common]: YAML file: schema.yaml loaded successfully
[2025-11-04 10:52:23,634: INFO: common]: created directory at: artifacts
[2025-11-04 10:52:23,635: INFO: common]: created directory at: artifacts/data_ingestion
[2025-11-04 10:52:23,637: INFO: data_ingestion]: Extracted zip file artifacts/data_ingestion/data.zip to artifacts/data_ingestion
[2025-11-04 10:52:23,637: INFO: main]: >>>>>> Stage Data Ingestion Stage completed <<<<<<


[2025-11-04 10:52:23,637: INFO: main]: >>>>>> Stage Data Validation Stage started <<<<<<
[2025-11-04 10:52:23,639: INFO: common]: YAML file: config\config.yaml loaded successfully
[2025-11-04 10:52:23,640: INFO: common]: YAML file: params.yaml loaded successfully
[2025-11-04 10:52:23,641: INFO: common]: YAML file: schema.yaml loaded successfully
[2025-11-04 10:52:23,641: INFO: common]: created directory at: artifacts
[2025-11-04 10:52:23,642: INFO: common]: created directory at: artifacts/data_validation
[2025-11-04 10:52:23,656: INFO: data_validation]: CSV Columns: ['fixed acidity', 'volatile acidity', 'citric acid', 'residual sugar', 'chlorides', 'free sulfur dioxide', 'total sulfur dioxide', 'density', 'pH', 'sulphates', 'alcohol', 'quality']
[2025-11-04 10:52:23,656: INFO: data_validation]: Schema Columns: ['fixed acidity', 'volatile acidity', 'citric acid', 'residual sugar', 'chlorides', 'free sulfur dioxide', 'total sulfur dioxide', 'density', 'pH', 'sulphates', 'alcohol', 'quality']
[2025-11-04 10:52:23,656: INFO: data_validation]: Column 'fixed acidity' found in schema
[2025-11-04 10:52:23,656: INFO: data_validation]: Column 'volatile acidity' found in schema
[2025-11-04 10:52:23,657: INFO: data_validation]: Column 'citric acid' found in schema
[2025-11-04 10:52:23,657: INFO: data_validation]: Column 'residual sugar' found in schema
[2025-11-04 10:52:23,657: INFO: data_validation]: Column 'chlorides' found in schema
[2025-11-04 10:52:23,657: INFO: data_validation]: Column 'free sulfur dioxide' found in schema
[2025-11-04 10:52:23,657: INFO: data_validation]: Column 'total sulfur dioxide' found in schema
[2025-11-04 10:52:23,657: INFO: data_validation]: Column 'density' found in schema
[2025-11-04 10:52:23,657: INFO: data_validation]: Column 'pH' found in schema
[2025-11-04 10:52:23,657: INFO: data_validation]: Column 'sulphates' found in schema
[2025-11-04 10:52:23,657: INFO: data_validation]: Column 'alcohol' found in schema
[2025-11-04 10:52:23,657: INFO: data_validation]: Column 'quality' found in schema
[2025-11-04 10:52:23,658: INFO: data_validation]: Final validation status: True
[2025-11-04 10:52:23,658: INFO: data_validation_pipline]: Data validation status: True
[2025-11-04 10:52:23,658: INFO: main]: >>>>>> Stage Data Validation Stage completed <<<<<<


[2025-11-04 10:52:23,658: INFO: main]: >>>>>> Stage Data Transformation Stage started <<<<<<
[2025-11-04 10:52:23,661: INFO: common]: YAML file: config\config.yaml loaded successfully
[2025-11-04 10:52:23,661: INFO: common]: YAML file: params.yaml loaded successfully
[2025-11-04 10:52:23,662: INFO: common]: YAML file: schema.yaml loaded successfully
[2025-11-04 10:52:23,662: INFO: common]: created directory at: artifacts
[2025-11-04 10:52:23,663: INFO: common]: created directory at: artifacts/data_transformation
[2025-11-04 10:52:23,677: INFO: data_transformation]: Splited data into training and test sets
[2025-11-04 10:52:23,678: INFO: data_transformation]: (1199, 12)
[2025-11-04 10:52:23,678: INFO: data_transformation]: (400, 12)
[2025-11-04 10:52:23,678: INFO: main]: >>>>>> Stage Data Transformation Stage completed <<<<<<


[2025-11-04 10:52:23,678: INFO: main]: >>>>>> Stage Model Training Stage started <<<<<<
[2025-11-04 10:52:23,680: INFO: common]: YAML file: config\config.yaml loaded successfully
[2025-11-04 10:52:23,680: INFO: common]: YAML file: params.yaml loaded successfully
[2025-11-04 10:52:23,681: INFO: common]: YAML file: schema.yaml loaded successfully
[2025-11-04 10:52:23,682: INFO: common]: created directory at: artifacts
[2025-11-04 10:52:23,682: INFO: common]: created directory at: artifacts/model_trainer
[2025-11-04 10:52:23,713: INFO: main]: >>>>>> Stage Model Training Stage completed <<<<<<


[2025-11-04 10:52:23,713: INFO: main]: >>>>>> Stage Model Evaluation Stage started <<<<<<
[2025-11-04 10:52:24,309: INFO: common]: YAML file: config\config.yaml loaded successfully
[2025-11-04 10:52:24,310: INFO: common]: YAML file: params.yaml loaded successfully
[2025-11-04 10:52:24,311: INFO: common]: YAML file: schema.yaml loaded successfully
[2025-11-04 10:52:24,311: INFO: common]: created directory at: artifacts
[2025-11-04 10:52:24,312: INFO: common]: created directory at: artifacts/model_evaluation
[2025-11-04 10:52:25,400: INFO: common]: Data successfully saved to JSON file: artifacts\model_evaluation\metrics.json
[2025-11-04 10:52:27,453: ERROR: main]: INTERNAL_ERROR: Response: {'error': 'unsupported endpoint, please contact support@dagshub.com'}
Traceback (most recent call last):
  File "D:\Projects\dsproject\main.py", line 56, in <module>
    model_evaluation.initiate_model_evaluation()
    ~~~~~~~~~~~~~~~~~~~~~~~~~~~~~~~~~~~~~~~~~~^^
  File "D:\Projects\dsproject\src\datascience\pipeline\model_evaluation_pipline.py", line 15, in initiate_model_evaluation
    model_evaluation.log_into_mlflow()
    ~~~~~~~~~~~~~~~~~~~~~~~~~~~~~~~~^^
  File "D:\Projects\dsproject\src\datascience\components\model_evaluation.py", line 66, in log_into_mlflow
    mlflow.sklearn.log_model(model, "model")
    ~~~~~~~~~~~~~~~~~~~~~~~~^^^^^^^^^^^^^^^^
  File "D:\Projects\dsproject\.venv\Lib\site-packages\mlflow\sklearn\__init__.py", line 426, in log_model
    return Model.log(
           ~~~~~~~~~^
        artifact_path=artifact_path,
        ^^^^^^^^^^^^^^^^^^^^^^^^^^^^
    ...<18 lines>...
        model_id=model_id,
        ^^^^^^^^^^^^^^^^^^
    )
    ^
  File "D:\Projects\dsproject\.venv\Lib\site-packages\mlflow\models\model.py", line 1170, in log
    model = _create_logged_model(
        # TODO: Update model name
    ...<7 lines>...
        flavor=flavor_name,
    )
  File "D:\Projects\dsproject\.venv\Lib\site-packages\mlflow\tracking\fluent.py", line 2323, in _create_logged_model
    return MlflowClient()._create_logged_model(
           ~~~~~~~~~~~~~~~~~~~~~~~~~~~~~~~~~~~^
        experiment_id=experiment_id,
        ^^^^^^^^^^^^^^^^^^^^^^^^^^^^
    ...<5 lines>...
        flavor=flavor,
        ^^^^^^^^^^^^^^
    )
    ^
  File "D:\Projects\dsproject\.venv\Lib\site-packages\mlflow\tracking\client.py", line 5492, in _create_logged_model
    return self._tracking_client.create_logged_model(
           ~~~~~~~~~~~~~~~~~~~~~~~~~~~~~~~~~~~~~~~~~^
        experiment_id, name, source_run_id, tags, params, model_type, flavor
        ^^^^^^^^^^^^^^^^^^^^^^^^^^^^^^^^^^^^^^^^^^^^^^^^^^^^^^^^^^^^^^^^^^^^
    )
    ^
  File "D:\Projects\dsproject\.venv\Lib\site-packages\mlflow\telemetry\track.py", line 30, in wrapper
    result = func(*args, **kwargs)
  File "D:\Projects\dsproject\.venv\Lib\site-packages\mlflow\tracking\_tracking_service\client.py", line 870, in create_logged_model
    return self.store.create_logged_model(
           ~~~~~~~~~~~~~~~~~~~~~~~~~~~~~~^
        experiment_id=experiment_id,
        ^^^^^^^^^^^^^^^^^^^^^^^^^^^^
    ...<8 lines>...
        model_type=model_type,
        ^^^^^^^^^^^^^^^^^^^^^^
    )
    ^
  File "D:\Projects\dsproject\.venv\Lib\site-packages\mlflow\store\tracking\rest_store.py", line 894, in create_logged_model
    response_proto = self._call_endpoint(CreateLoggedModel, req_body)
  File "D:\Projects\dsproject\.venv\Lib\site-packages\mlflow\store\tracking\rest_store.py", line 201, in _call_endpoint
    return call_endpoint(
        self.get_host_creds(),
    ...<4 lines>...
        retry_timeout_seconds=retry_timeout_seconds,
    )
  File "D:\Projects\dsproject\.venv\Lib\site-packages\mlflow\utils\rest_utils.py", line 592, in call_endpoint
    response = verify_rest_response(response, endpoint)
  File "D:\Projects\dsproject\.venv\Lib\site-packages\mlflow\utils\rest_utils.py", line 311, in verify_rest_response
    raise RestException(json.loads(response.text))
mlflow.exceptions.RestException: INTERNAL_ERROR: Response: {'error': 'unsupported endpoint, please contact support@dagshub.com'}
[2025-11-04 10:54:04,094: INFO: main]: Datascience package initialized.
[2025-11-04 10:54:10,660: INFO: main]: >>>>>> Stage Data Ingestion Stage started <<<<<<
[2025-11-04 10:54:10,663: INFO: common]: YAML file: config\config.yaml loaded successfully
[2025-11-04 10:54:10,669: INFO: common]: YAML file: params.yaml loaded successfully
[2025-11-04 10:54:10,671: INFO: common]: YAML file: schema.yaml loaded successfully
[2025-11-04 10:54:10,671: INFO: common]: created directory at: artifacts
[2025-11-04 10:54:10,672: INFO: common]: created directory at: artifacts/data_ingestion
[2025-11-04 10:54:10,684: INFO: data_ingestion]: Extracted zip file artifacts/data_ingestion/data.zip to artifacts/data_ingestion
[2025-11-04 10:54:10,685: INFO: main]: >>>>>> Stage Data Ingestion Stage completed <<<<<<


[2025-11-04 10:54:10,685: INFO: main]: >>>>>> Stage Data Validation Stage started <<<<<<
[2025-11-04 10:54:10,687: INFO: common]: YAML file: config\config.yaml loaded successfully
[2025-11-04 10:54:10,687: INFO: common]: YAML file: params.yaml loaded successfully
[2025-11-04 10:54:10,688: INFO: common]: YAML file: schema.yaml loaded successfully
[2025-11-04 10:54:10,689: INFO: common]: created directory at: artifacts
[2025-11-04 10:54:10,689: INFO: common]: created directory at: artifacts/data_validation
[2025-11-04 10:54:10,701: INFO: data_validation]: CSV Columns: ['fixed acidity', 'volatile acidity', 'citric acid', 'residual sugar', 'chlorides', 'free sulfur dioxide', 'total sulfur dioxide', 'density', 'pH', 'sulphates', 'alcohol', 'quality']
[2025-11-04 10:54:10,701: INFO: data_validation]: Schema Columns: ['fixed acidity', 'volatile acidity', 'citric acid', 'residual sugar', 'chlorides', 'free sulfur dioxide', 'total sulfur dioxide', 'density', 'pH', 'sulphates', 'alcohol', 'quality']
[2025-11-04 10:54:10,701: INFO: data_validation]: Column 'fixed acidity' found in schema
[2025-11-04 10:54:10,701: INFO: data_validation]: Column 'volatile acidity' found in schema
[2025-11-04 10:54:10,701: INFO: data_validation]: Column 'citric acid' found in schema
[2025-11-04 10:54:10,701: INFO: data_validation]: Column 'residual sugar' found in schema
[2025-11-04 10:54:10,702: INFO: data_validation]: Column 'chlorides' found in schema
[2025-11-04 10:54:10,702: INFO: data_validation]: Column 'free sulfur dioxide' found in schema
[2025-11-04 10:54:10,702: INFO: data_validation]: Column 'total sulfur dioxide' found in schema
[2025-11-04 10:54:10,702: INFO: data_validation]: Column 'density' found in schema
[2025-11-04 10:54:10,702: INFO: data_validation]: Column 'pH' found in schema
[2025-11-04 10:54:10,702: INFO: data_validation]: Column 'sulphates' found in schema
[2025-11-04 10:54:10,702: INFO: data_validation]: Column 'alcohol' found in schema
[2025-11-04 10:54:10,702: INFO: data_validation]: Column 'quality' found in schema
[2025-11-04 10:54:10,703: INFO: data_validation]: Final validation status: True
[2025-11-04 10:54:10,703: INFO: data_validation_pipline]: Data validation status: True
[2025-11-04 10:54:10,703: INFO: main]: >>>>>> Stage Data Validation Stage completed <<<<<<


[2025-11-04 10:54:10,703: INFO: main]: >>>>>> Stage Data Transformation Stage started <<<<<<
[2025-11-04 10:54:10,706: INFO: common]: YAML file: config\config.yaml loaded successfully
[2025-11-04 10:54:10,707: INFO: common]: YAML file: params.yaml loaded successfully
[2025-11-04 10:54:10,708: INFO: common]: YAML file: schema.yaml loaded successfully
[2025-11-04 10:54:10,708: INFO: common]: created directory at: artifacts
[2025-11-04 10:54:10,708: INFO: common]: created directory at: artifacts/data_transformation
[2025-11-04 10:54:10,723: INFO: data_transformation]: Splited data into training and test sets
[2025-11-04 10:54:10,723: INFO: data_transformation]: (1199, 12)
[2025-11-04 10:54:10,723: INFO: data_transformation]: (400, 12)
[2025-11-04 10:54:10,723: INFO: main]: >>>>>> Stage Data Transformation Stage completed <<<<<<


[2025-11-04 10:54:10,724: INFO: main]: >>>>>> Stage Model Training Stage started <<<<<<
[2025-11-04 10:54:10,725: INFO: common]: YAML file: config\config.yaml loaded successfully
[2025-11-04 10:54:10,726: INFO: common]: YAML file: params.yaml loaded successfully
[2025-11-04 10:54:10,727: INFO: common]: YAML file: schema.yaml loaded successfully
[2025-11-04 10:54:10,727: INFO: common]: created directory at: artifacts
[2025-11-04 10:54:10,727: INFO: common]: created directory at: artifacts/model_trainer
[2025-11-04 10:54:10,752: INFO: main]: >>>>>> Stage Model Training Stage completed <<<<<<


[2025-11-04 10:54:10,752: INFO: main]: >>>>>> Stage Model Evaluation Stage started <<<<<<
[2025-11-04 10:54:11,715: INFO: common]: YAML file: config\config.yaml loaded successfully
[2025-11-04 10:54:11,716: INFO: common]: YAML file: params.yaml loaded successfully
[2025-11-04 10:54:11,717: INFO: common]: YAML file: schema.yaml loaded successfully
[2025-11-04 10:54:11,717: INFO: common]: created directory at: artifacts
[2025-11-04 10:54:11,718: INFO: common]: created directory at: artifacts/model_evaluation
[2025-11-04 10:54:13,146: INFO: common]: Data successfully saved to JSON file: artifacts\model_evaluation\metrics.json
[2025-11-04 10:54:14,589: INFO: main]: >>>>>> Stage Model Evaluation Stage completed <<<<<<


